timestamp,price,sma,vol,signal
1778853539999,78830.31000000,,,
1778853599999,78758.59000000,,,
1778853659999,78719.42000000,,,
1778853719999,78845.78000000,,,
1778853779999,78949.35000000,,,
1778853839999,78910.01000000,,,
1778853899999,78963.49000000,,,
1778853959999,78936.69000000,,,
1778854019999,78913.06000000,,,
1778854079999,78935.84000000,78876.25400000,80.08216521,Hold
1778854139999,79022.09000000,78895.43200000,89.22491959,Buy
1778854199999,79105.43000000,78930.11600000,96.41290953,Buy
1778854259999,79140.01000000,78972.17500000,86.56072045,Buy
1778854319999,79130.69000000,79000.66600000,87.15590722,Buy
1778854379999,79251.73000000,79030.90400000,112.79093733,Buy
1778854439999,79217.31000000,79061.63400000,117.43358295,Buy
1778854499999,79256.00000000,79090.88500000,125.49747059,Buy
1778854559999,79237.81000000,79120.99700000,120.92960076,Hold
1778854619999,79229.71000000,79152.66200000,102.36878507,Hold
1778854679999,79280.01000000,79187.07900000,78.83788181,Buy
1778854739999,79291.26000000,79213.99600000,62.08154141,Buy
1778854799999,79226.00000000,79226.05300000,50.44302232,Hold
1778854859999,79222.84000000,79234.33600000,41.67232852,Hold
1778854919999,79176.01000000,79238.86800000,31.33666919,Sell
1778854979999,79193.99000000,79233.09400000,33.66761269,Sell
1778855039999,79230.88000000,79234.45100000,33.27526723,Hold
1778855099999,79180.00000000,79226.85100000,36.04911384,Sell
1778855159999,79149.99000000,79218.06900000,42.44015138,Sell
1778855219999,79093.99000000,79204.49700000,56.06224934,Sell
1778855279999,79094.55000000,79185.95100000,58.63134528,Sell
1778855339999,79128.48000000,79169.67300000,48.92805331,Hold
1778855399999,79082.00000000,79155.27300000,51.36123831,Sell
1778855459999,79145.98000000,79147.58700000,46.16284481,Hold
1778855519999,79050.67000000,79135.05300000,53.22039911,Sell
1778855579999,79054.14000000,79121.06800000,54.26016049,Sell
1778855639999,79071.17000000,79105.09700000,41.61977512,Hold
1778855699999,79141.10000000,79101.20700000,35.85595126,Buy
1778855759999,79209.39000000,79107.14700000,46.71984248,Buy
1778855819999,79176.90000000,79115.43800000,50.82558840,Buy
1778855879999,79131.69000000,79119.15200000,50.51958567,Hold
1778855939999,79190.52000000,79125.35600000,54.90334146,Buy
1778855999999,79161.69000000,79133.32500000,53.80440154,Hold
1778856059999,79222.89000000,79141.01600000,60.18252374,Buy
1778856119999,79195.99000000,79155.54800000,53.82128980,Hold
1778856179999,79253.09000000,79175.44300000,49.23419687,Buy
1778856239999,79219.13000000,79190.23900000,36.17532403,Hold
1778856299999,79223.77000000,79198.50600000,33.33585823,Hold
1778856359999,79148.05000000,79192.37200000,36.28206356,Sell
1778856419999,79054.07000000,79180.08900000,55.26592159,Sell
1778856479999,79000.02000000,79166.92200000,76.74106043,Sell
1778856539999,79005.15000000,79148.38500000,90.03833309,Sell
1778856599999,79024.50000000,79134.66600000,97.13772431,Sell
1778856659999,79034.00000000,79115.77700000,96.50886022,Hold
1778856719999,79050.00000000,79101.17800000,94.28721088,Hold
1778856779999,79104.00000000,79086.26900000,79.75506660,Hold
1778856839999,79112.01000000,79075.55700000,67.43277453,Hold
1778856899999,79185.47000000,79071.72700000,59.53056023,Buy
1778856959999,79164.87000000,79073.40900000,61.85547905,Buy
1778857019999,79227.31000000,79090.73300000,76.53189793,Buy
1778857079999,79300.84000000,79120.81500000,92.43275926,Buy
1778857139999,79274.46000000,79147.74600000,94.02858929,Buy
1778857199999,79150.37000000,79160.33300000,84.64439687,Hold
1778857259999,79150.08000000,79171.94100000,73.78643486,Hold
1778857319999,79212.62000000,79188.20300000,62.11684700,Hold
1778857379999,79101.01000000,79187.90400000,62.52727952,Sell
1778857439999,79120.89000000,79188.79200000,61.49772220,Sell
1778857499999,79112.20000000,79181.46500000,65.67963752,Sell
1778857559999,79150.00000000,79179.97800000,66.20474935,Hold
1778857619999,79115.73000000,79168.82000000,66.68820435,Hold
1778857679999,79105.15000000,79149.25100000,52.21905485,Hold
1778857739999,79106.42000000,79132.44700000,32.56033417,Hold
1778857799999,79251.56000000,79142.56600000,48.41950520,Buy
1778857859999,79322.24000000,79159.78200000,72.59949336,Buy
1778857919999,79284.01000000,79166.92100000,80.52201742,Buy
1778857979999,79287.95000000,79185.61500000,84.64458367,Buy
1778858039999,79271.63000000,79200.68900000,85.19627650,Hold
1778858099999,79239.98000000,79213.46700000,80.41440294,Hold
1778858159999,79233.61000000,79221.82800000,77.68100100,Hold
1778858219999,79221.83000000,79232.43800000,69.25378875,Hold
1778858279999,79253.46000000,79247.26900000,54.77314715,Hold
1778858339999,79230.69000000,79259.69600000,29.82129380,Hold
1778858399999,79271.89000000,79261.72900000,29.89023903,Hold
1778858459999,79325.93000000,79262.09800000,30.64814768,Buy
1778858519999,79358.07000000,79269.50400000,41.92265526,Buy
1778858579999,79296.25000000,79270.33400000,42.35952648,Hold
1778858639999,79292.88000000,79272.45900000,42.90079380,Hold
1778858699999,79258.12000000,79274.27300000,41.86000073,Hold
1778858759999,79158.04000000,79266.71600000,53.67321943,Sell
1778858819999,79209.99000000,79265.53200000,54.76971094,Sell
1778858879999,79170.32000000,79257.21800000,61.82683734,Sell
1778858939999,79148.92000000,79249.04100000,69.70055013,Sell
1778858999999,79139.71000000,79235.82300000,76.33197391,Sell
1778859059999,79167.84000000,79220.01400000,72.29721602,Hold
1778859119999,79196.28000000,79203.83500000,55.81676957,Hold
1778859179999,79207.99000000,79195.00900000,46.74704984,Hold
1778859239999,79209.99000000,79186.72000000,34.36784718,Hold
1778859299999,79154.24000000,79176.33200000,25.86382447,Hold
1778859359999,79144.98000000,79175.02600000,27.05673380,Sell
1778859419999,79133.91000000,79167.41800000,26.85124943,Sell
1778859479999,79154.67000000,79165.85300000,27.09149979,Hold
1778859539999,79148.02000000,79165.76300000,27.14903683,Hold
1778859599999,79127.35000000,79164.52700000,28.55210117,Sell
1778859659999,79143.94000000,79162.13700000,29.16839456,Hold
1778859719999,79169.76000000,79159.48500000,27.07394883,Hold
1778859779999,79145.37000000,79153.22300000,21.87317720,Hold
1778859839999,79119.25000000,79144.14900000,13.75738525,Sell
1778859899999,79089.49000000,79137.67400000,20.87864517,Sell
1778859959999,79089.49000000,79132.12500000,25.13878368,Sell
1778860019999,79080.95000000,79126.82900000,29.41904602,Sell
1778860079999,79113.20000000,79122.68200000,28.09529313,Hold
1778860139999,79163.82000000,79124.26200000,29.86437972,Buy
1778860199999,79132.28000000,79124.75500000,29.95185111,Hold
1778860259999,79186.92000000,79129.05300000,35.04686692,Buy
1778860319999,79180.01000000,79130.07800000,36.34814790,Buy
1778860379999,79193.50000000,79134.89100000,40.94964431,Buy
1778860439999,79179.66000000,79140.93200000,42.61856328,Hold
1778860499999,79235.19000000,79155.50200000,47.20048894,Buy
1778860559999,79228.01000000,79169.35400000,46.10846825,Buy
1778860619999,79226.68000000,79183.92700000,38.21935139,Buy
1778860679999,79142.44000000,79186.85100000,33.52693408,Sell
1778860739999,79178.53000000,79188.32200000,32.79897370,Hold
1778860799999,79150.27000000,79190.12100000,30.05430367,Sell
1778860859999,79154.22000000,79186.85100000,31.94419836,Sell
1778860919999,79177.99000000,79186.64900000,31.99316816,Hold
1778860979999,79188.80000000,79186.17900000,31.92351749,Hold
1778861039999,79160.22000000,79184.23500000,32.84005276,Hold
1778861099999,79198.99000000,79180.61500000,28.76620352,Hold
1778861159999,79235.88000000,79181.40200000,30.12753750,Buy
1778861219999,79146.77000000,79173.41100000,27.54524004,Hold
1778861279999,79181.63000000,79177.33000000,25.57765822,Hold
1778861339999,79186.11000000,79178.08800000,25.71394322,Hold
1778861399999,79198.13000000,79182.87400000,24.51703783,Hold
1778861459999,79218.87000000,79189.33900000,24.63239633,Buy
1778861519999,79162.70000000,79187.81000000,25.73909012,Hold
1778861579999,79176.00000000,79186.53000000,25.97521819,Hold
1778861639999,79202.51000000,79190.75900000,24.76170327,Hold
1778861699999,79204.00000000,79191.26000000,24.97295377,Hold
1778861759999,79164.79000000,79184.15100000,21.07325767,Hold
1778861819999,79168.78000000,79186.35200000,17.97583478,Hold
1778861879999,79169.66000000,79185.15500000,18.63680190,Hold
1778861939999,79150.01000000,79181.54500000,21.39448959,Sell
1778861999999,79181.99000000,79179.93100000,20.67928357,Hold
1778862059999,79245.85000000,79182.62900000,26.51905822,Buy
1778862119999,79235.95000000,79189.95400000,29.90319755,Buy
1778862179999,79258.01000000,79198.15500000,35.64597207,Buy
1778862239999,79255.52000000,79203.45600000,39.61959672,Buy
1778862299999,79290.10000000,79212.06600000,47.39482065,Buy
1778862359999,79269.29000000,79222.51600000,47.33944575,Hold
1778862419999,79230.05000000,79228.64300000,43.82240684,Hold
1778862479999,79246.02000000,79236.27900000,39.29874590,Hold
1778862539999,79222.43000000,79243.52100000,27.69278442,Hold
1778862599999,79312.00000000,79256.52200000,26.23347587,Buy
1778862659999,79350.00000000,79266.93700000,37.97561745,Buy
1778862719999,79330.76000000,79276.41800000,40.78696208,Buy
1778862779999,79331.61000000,79283.77800000,43.36054561,Buy
1778862839999,79286.42000000,79286.86800000,42.32535146,Hold
1778862899999,79330.01000000,79290.85900000,44.27850414,Hold
1778862959999,79295.36000000,79293.46600000,43.69545976,Hold
1778863019999,79292.89000000,79299.75000000,38.31029653,Hold
1778863079999,79315.98000000,79306.74600000,34.00565841,Hold
1778863139999,79262.19000000,79310.72200000,25.06354237,Sell
1778863199999,79301.16000000,79309.63800000,25.21876198,Hold
1778863259999,79319.99000000,79306.63700000,21.78961314,Hold
1778863319999,79280.01000000,79301.56200000,21.48812267,Sell
1778863379999,79270.90000000,79295.49100000,20.70289760,Sell
1778863439999,79272.94000000,79294.14300000,21.66608689,Hold
1778863499999,79279.84000000,79289.12600000,18.33200600,Hold
1778863559999,79254.22000000,79285.01200000,20.90679449,Sell
1778863619999,79161.15000000,79271.83800000,42.32626839,Sell
1778863679999,79299.99000000,79270.23900000,40.90669981,Hold
1778863739999,79288.93000000,79272.91300000,41.16630322,Hold
1778863799999,79267.90000000,79269.58700000,40.07899651,Hold
1778863859999,79284.69000000,79266.05700000,36.91380339,Hold
1778863919999,79268.22000000,79264.87800000,36.63656747,Hold
1778863979999,79241.09000000,79261.89700000,37.23321314,Hold
1778864039999,79246.73000000,79259.27600000,37.28607681,Hold
1778864099999,79240.01000000,79255.29300000,37.00293638,Hold
1778864159999,79280.61000000,79257.93200000,37.76549875,Hold
1778864219999,79292.85000000,79271.10200000,20.92928847,Buy
1778864279999,79286.76000000,79269.77900000,19.42550975,Hold
1778864339999,79267.05000000,79267.59100000,18.34752705,Hold
1778864399999,79294.31000000,79270.23200000,20.02592859,Buy
1778864459999,79259.50000000,79267.71300000,19.62922976,Hold
1778864519999,79264.91000000,79267.38200000,19.64579029,Hold
1778864579999,79271.99000000,79270.47200000,17.58992371,Hold
1778864639999,79242.83000000,79270.08200000,18.14643425,Sell
1778864699999,79255.40000000,79271.62100000,16.06387715,Sell
1778864759999,79259.47000000,79269.50700000,16.13268797,Hold
1778864819999,79309.70000000,79271.19200000,19.09142624,Buy
1778864879999,79278.27000000,79270.34300000,18.56166213,Hold
1778864939999,79301.75000000,79273.81300000,20.73764647,Buy
1778864999999,79296.17000000,79273.99900000,20.92812053,Buy
1778865059999,79274.51000000,79275.50000000,20.36509858,Hold
1778865119999,79297.23000000,79278.73200000,20.98322892,Hold
1778865179999,79301.68000000,79281.70100000,21.89969290,Hold
1778865239999,79233.71000000,79280.78900000,23.62166271,Sell
1778865299999,79260.00000000,79281.24900000,23.16310577,Hold
1778865359999,79281.65000000,79283.46700000,22.00439822,Hold
1778865419999,79266.74000000,79279.17100000,20.61310624,Hold
1778865479999,79246.00000000,79275.94400000,22.90058873,Sell
1778865539999,79255.70000000,79271.33900000,21.85447160,Hold
1778865599999,79269.99000000,79268.72100000,20.23087069,Hold
1778865659999,79275.52000000,79268.82200000,20.26201658,Hold
1778865719999,79270.43000000,79266.14200000,17.97008726,Hold
1778865779999,79316.27000000,79267.60100000,21.11355131,Buy
1778865839999,79316.40000000,79275.87000000,22.37587853,Buy
1778865899999,79323.54000000,79282.22400000,25.73642990,Buy
1778865959999,79357.13000000,79289.77200000,34.15332277,Buy
1778866019999,79372.80000000,79300.37800000,41.11301249,Buy
1778866079999,79397.95000000,79315.57300000,45.99700644,Buy
1778866139999,79449.15000000,79334.91800000,56.27876559,Buy
1778866199999,79375.13000000,79345.43200000,52.88564300,Hold
1778866259999,79374.23000000,79355.30300000,47.89173521,Hold
1778866319999,79406.13000000,79368.87300000,40.58902784,Hold
1778866379999,79425.46000000,79379.79200000,39.64525086,Buy
1778866439999,79458.32000000,79393.98400000,39.81385643,Buy
1778866499999,79452.54000000,79406.88400000,35.57215152,Buy
1778866559999,79465.56000000,79417.72700000,35.27815983,Buy
1778866619999,79467.34000000,79427.18100000,34.63339269,Buy
1778866679999,79456.25000000,79433.01100000,34.12533559,Hold
1778866739999,79426.16000000,79430.71200000,33.73277362,Hold
1778866799999,79475.94000000,79440.79300000,30.52695171,Buy
1778866859999,79459.00000000,79449.27000000,21.21606561,Hold
1778866919999,79422.08000000,79450.86500000,18.31395820,Sell
1778866979999,79400.01000000,79448.32000000,22.86931875,Sell
1778867039999,79388.18000000,79441.30600000,28.73136795,Sell
1778867099999,79405.08000000,79436.56000000,30.35751999,Sell
1778867159999,79414.22000000,79431.42600000,29.34328925,Hold
1778867219999,79400.93000000,79424.78500000,27.94538969,Hold
1778867279999,79411.09000000,79420.26900000,26.08258478,Hold
1778867339999,79377.01000000,79415.35400000,28.97943623,Sell
1778867399999,79413.00000000,79409.06000000,20.82501092,Hold
1778867459999,79422.04000000,79405.36400000,13.69190798,Buy
1778867519999,79412.18000000,79404.37400000,12.77464536,Hold
1778867579999,79382.59000000,79402.63200000,14.34248291,Sell
1778867639999,79419.06000000,79405.72000000,14.22226986,Hold
1778867699999,79431.11000000,79408.32300000,16.12208426,Buy
1778867759999,79453.80000000,79412.28100000,21.15642051,Buy
1778867819999,79487.86000000,79420.97400000,30.50180132,Buy
1778867879999,79439.96000000,79423.86100000,30.79452206,Hold
1778867939999,79449.47000000,79431.10700000,27.23744740,Hold
1778867999999,79460.00000000,79435.80700000,27.75757088,Hold
1778868059999,79490.00000000,79442.60300000,31.60747097,Buy
1778868119999,79513.67000000,79452.75200000,36.17355354,Buy
1778868179999,79545.45000000,79469.03800000,37.55414060,Buy
1778868239999,79561.94000000,79483.32600000,42.65518308,Buy
1778868299999,79531.87000000,79493.40200000,40.99926580,Hold
1778868359999,79494.37000000,79497.45900000,38.82965888,Hold
1778868419999,79444.50000000,79493.12300000,41.95465410,Sell
1778868479999,79485.97000000,79497.72400000,38.22969898,Hold
1778868539999,79446.15000000,79497.39200000,38.65931396,Sell
1778868599999,79454.14000000,79496.80600000,39.26138744,Sell
1778868659999,79465.14000000,79494.32000000,40.38462257,Hold
1778868719999,79467.93000000,79489.74600000,40.52403267,Hold
1778868779999,79526.13000000,79487.81400000,38.21715039,Buy
1778868839999,79477.99000000,79479.41900000,29.15920556,Hold
1778868899999,79480.01000000,79474.23300000,23.41556877,Hold
1778868959999,79424.96000000,79467.29200000,26.50178024,Sell
1778869019999,79418.07000000,79464.64900000,29.76057642,Sell
1778869079999,79369.35000000,79452.98700000,40.15496359,Sell
1778869139999,79283.41000000,79436.71300000,64.95028453,Sell
1778869199999,79217.31000000,79413.03000000,91.87520112,Sell
1778869259999,79257.80000000,79392.29600000,100.74345589,Sell
1778869319999,79299.38000000,79375.44100000,100.77916942,Hold
1778869379999,79344.51000000,79357.27900000,87.47306985,Hold
1778869439999,79303.94000000,79339.87400000,78.58749432,Hold
1778869499999,79336.70000000,79325.54300000,63.30730038,Hold
1778869559999,79304.39000000,79313.48600000,54.02604912,Hold
1778869619999,79310.01000000,79302.68000000,41.34575311,Hold
1778869679999,79288.25000000,79294.57000000,34.92896792,Hold
1778869739999,79297.29000000,79295.95800000,34.73314751,Hold
1778869799999,79282.49000000,79302.47600000,23.73805224,Hold
1778869859999,79276.43000000,79304.33900000,20.69466765,Sell
1778869919999,79200.81000000,79294.48200000,37.42292126,Sell
1778869979999,79193.84000000,79279.41500000,44.00070096,Sell
1778870039999,79190.01000000,79268.02200000,50.45234460,Sell
1778870099999,79226.37000000,79256.98900000,46.10351536,Hold
1778870159999,79226.61000000,79249.21100000,43.96179852,Hold
1778870219999,79305.48000000,79248.75800000,43.35207857,Buy
1778870279999,79286.77000000,79248.61000000,43.21932693,Hold
1778870339999,79282.57000000,79247.13800000,41.76239165,Hold
1778870399999,79264.84000000,79245.37300000,40.58745891,Hold
1778870459999,79297.32000000,79247.46200000,42.61893072,Buy
1778870519999,79297.42000000,79257.12300000,41.89245279,Hold
1778870579999,79230.72000000,79260.81100000,37.55814544,Hold
1778870639999,79275.98000000,79269.40800000,29.29910538,Hold
1778870699999,79287.28000000,79275.49900000,25.84668623,Hold
1778870759999,79230.92000000,79275.93000000,25.05156123,Sell
1778870819999,79226.00000000,79267.98200000,26.95162808,Sell
1778870879999,79228.00000000,79262.10500000,28.57285889,Sell
1778870939999,79238.66000000,79257.71400000,28.46423307,Hold
1778870999999,79275.97000000,79258.82700000,28.93482264,Hold
1778871059999,79281.99000000,79257.29400000,27.20946938,Hold
1778871119999,79261.06000000,79253.65800000,23.82316973,Hold
1778871179999,79282.03000000,79258.78900000,23.85577727,Hold
1778871239999,79255.27000000,79256.71800000,23.16234781,Hold
1778871299999,79295.99000000,79257.58900000,24.42460090,Buy
1778871359999,79309.46000000,79265.44300000,27.07050648,Buy
1778871419999,79316.01000000,79274.44400000,27.42118604,Buy
1778871479999,79278.26000000,79279.47000000,22.63652889,Hold
1778871539999,79272.03000000,79282.80700000,18.44631727,Hold
1778871599999,79284.00000000,79283.61000000,18.30545492,Hold
1778871659999,79272.10000000,79282.62100000,18.63054291,Hold
1778871719999,79235.99000000,79280.11400000,22.62232137,Sell
1778871779999,79222.35000000,79274.14600000,28.45089215,Sell
1778871839999,79122.53000000,79260.87200000,53.81788732,Sell
1778871899999,79109.82000000,79242.25500000,68.61570946,Sell
1778871959999,79139.62000000,79225.27100000,70.86185468,Sell
1778872019999,79128.38000000,79206.50800000,69.17212051,Sell
1778872079999,79142.85000000,79192.96700000,67.02106177,Hold
1778872139999,79166.00000000,79182.36400000,61.86295518,Hold
1778872199999,79122.51000000,79166.21500000,53.77264644,Hold
1778872259999,79087.93000000,79147.79800000,45.21064494,Sell
1778872319999,79115.94000000,79135.79300000,34.97989024,Hold
1778872379999,79089.93000000,79122.55100000,22.56927577,Sell
1778872439999,79096.09000000,79119.90700000,23.92487996,Hold
1778872499999,79080.00000000,79116.92500000,26.69437516,Sell
1778872559999,79115.94000000,79114.55700000,25.60415906,Hold
1778872619999,79144.13000000,79116.13200000,26.85965443,Buy
1778872679999,79113.35000000,79113.18200000,25.34023157,Hold
1778872739999,79106.60000000,79107.24200000,18.22640656,Hold
1778872799999,79106.03000000,79105.59400000,17.50204857,Hold
1778872859999,79104.17000000,79107.21800000,16.51318915,Hold
1778872919999,79129.09000000,79108.53300000,17.64050172,Buy
1778872979999,79154.92000000,79115.03200000,21.20185171,Buy
1778873039999,79161.71000000,79121.59400000,24.25824198,Buy
1778873099999,79153.40000000,79128.93400000,21.51145704,Buy
1778873159999,79153.39000000,79132.67900000,22.17302300,Hold
1778873219999,79129.48000000,79131.21400000,21.84965775,Hold
1778873279999,79132.00000000,79133.07900000,21.02567119,Hold
1778873339999,79137.08000000,79136.12700000,19.08600537,Hold
1778873399999,79123.28000000,79137.85200000,16.94761269,Hold
1778873459999,79172.62000000,79144.69700000,15.74170324,Buy
1778873519999,79180.62000000,79149.85000000,18.05370211,Buy
1778873579999,79150.79000000,79149.43700000,17.98008512,Hold
1778873639999,79127.59000000,79146.02500000,18.55554378,Hold
1778873699999,79156.37000000,79146.32200000,18.69446003,Hold
1778873759999,79119.99000000,79142.98200000,20.06661396,Sell
1778873819999,79158.23000000,79145.85700000,19.98557282,Hold
1778873879999,79162.46000000,79148.90300000,19.96269824,Hold
1778873939999,79154.62000000,79150.65700000,19.61435395,Hold
1778873999999,79177.46000000,79156.07500000,18.76854350,Buy
1778874059999,79123.66000000,79151.17900000,20.14911733,Sell
1778874119999,79156.49000000,79148.76600000,17.78504383,Hold
1778874179999,79127.41000000,79146.42800000,18.86901577,Sell
1778874239999,79120.94000000,79145.76300000,19.62331065,Sell
1778874299999,79125.62000000,79142.68800000,20.12316814,Hold
1778874359999,79130.01000000,79143.69000000,19.19612305,Hold
1778874419999,79118.09000000,79139.67600000,19.91918131,Sell
1778874479999,79157.49000000,79139.17900000,19.39973116,Hold
1778874539999,79155.91000000,79139.30800000,19.50597642,Hold
1778874599999,79178.12000000,79139.37400000,19.63564066,Buy
1778874659999,79165.05000000,79143.51300000,20.24005388,Buy
1778874719999,79173.38000000,79145.20200000,21.88996519,Buy
1778874779999,79172.81000000,79149.74200000,22.43041721,Buy
1778874839999,79132.17000000,79150.86500000,21.20812309,Hold
1778874899999,79140.00000000,79152.30300000,19.89448318,Hold
1778874959999,79152.00000000,79154.50200000,18.47339319,Hold
1778875019999,79157.40000000,79158.43300000,13.93089950,Hold
1778875079999,79157.99000000,79158.48300000,13.92832226,Hold
1778875139999,79169.77000000,79159.86900000,14.28827383,Hold
1778875199999,79146.50000000,79156.70700000,13.36860655,Hold
1778875259999,79199.99000000,79160.20100000,18.62505970,Buy
1778875319999,79184.00000000,79161.26300000,19.62232507,Buy
1778875379999,79193.99000000,79163.38100000,21.77893590,Buy
1778875439999,79201.11000000,79170.27500000,21.71934403,Buy
1778875499999,79184.96000000,79174.77100000,19.53006014,Hold
1778875559999,79103.28000000,79169.89900000,28.58201058,Sell
1778875619999,79159.71000000,79170.13000000,28.48924429,Hold
1778875679999,79167.24000000,79171.05500000,28.22903939,Hold
1778875739999,79168.82000000,79170.96000000,28.23480193,Hold
1778875799999,79132.14000000,79169.52400000,29.76595411,Sell
1778875859999,79117.18000000,79161.24300000,31.60077184,Sell
1778875919999,79110.99000000,79153.94200000,33.85339682,Sell
1778875979999,79125.82000000,79147.12500000,31.91052248,Hold
1778876039999,79146.01000000,79141.61500000,26.39332577,Hold
1778876099999,79147.10000000,79137.82900000,22.30254400,Hold
1778876159999,79138.50000000,79141.35100000,19.12277880,Hold
1778876219999,79120.78000000,79137.45800000,18.95089803,Hold
1778876279999,79132.66000000,79134.00000000,16.14881110,Hold
1778876339999,79163.46000000,79133.46400000,15.03471729,Buy
1778876399999,79133.60000000,79133.61000000,15.02823875,Hold
1778876459999,79072.35000000,79129.12700000,23.53794683,Sell
1778876519999,79089.59000000,79126.98700000,25.93988630,Sell
1778876579999,79126.43000000,79127.04800000,25.93778742,Hold
1778876639999,79134.00000000,79125.84700000,25.30224696,Hold
1778876699999,79114.34000000,79122.57100000,24.44470554,Hold
1778876759999,79113.20000000,79120.04100000,23.96979326,Hold
1778876819999,79135.82000000,79121.54500000,24.43628542,Hold
1778876879999,79113.00000000,79119.57900000,24.25312906,Hold
1778876939999,79121.99000000,79115.43200000,19.46904559,Hold
1778876999999,79168.88000000,79118.96000000,24.88489904,Buy
1778877059999,79152.95000000,79127.02000000,21.27386660,Buy
1778877119999,79182.75000000,79136.33600000,23.15755479,Buy
1778877179999,79170.00000000,79140.69300000,24.91590859,Buy
1778877239999,79170.01000000,79144.29400000,26.25460577,Hold
1778877299999,79170.00000000,79149.86000000,25.19284819,Hold
1778877359999,79142.94000000,79152.83400000,22.27617570,Hold
1778877419999,79130.00000000,79152.25200000,22.78334515,Hold
1778877479999,79130.00000000,79153.95200000,20.28876576,Sell
1778877539999,79155.05000000,79157.25800000,17.28201366,Hold
1778877599999,79142.53000000,79154.62300000,17.31788327,Hold
1778877659999,79142.52000000,79153.58000000,17.69716361,Hold
1778877719999,79130.00000000,79148.30500000,15.99614719,Sell
1778877779999,79130.00000000,79144.30500000,15.04382681,Hold
1778877839999,79108.00000000,79138.10400000,15.92466402,Sell
1778877899999,79090.00000000,79130.10400000,17.86781811,Sell
1778877959999,79069.36000000,79122.74600000,24.85207887,Sell
1778878019999,79093.12000000,79119.05800000,26.20176360,Hold
1778878079999,79093.13000000,79115.37100000,26.98502972,Hold
1778878139999,79006.13000000,79100.47900000,39.27260456,Sell
1778878199999,79055.63000000,79091.78900000,38.61523001,Hold
1778878259999,79052.70000000,79082.80700000,36.13711694,Hold
1778878319999,79055.87000000,79075.39400000,33.17801869,Hold
1778878379999,79075.64000000,79069.95800000,27.80387304,Hold
1778878439999,79093.13000000,79068.47100000,26.07333828,Hold
1778878499999,79109.84000000,79070.45500000,28.29615424,Buy
1778878559999,79106.78000000,79074.19700000,30.30677220,Buy
1778878619999,79106.77000000,79075.56200000,31.41543022,Hold
1778878679999,79113.20000000,79077.56900000,33.07113014,Buy
1778878739999,79125.95000000,79089.55100000,25.95862803,Buy
1778878799999,79123.12000000,79096.30000000,25.01850755,Buy
1778878859999,79123.13000000,79103.34300000,21.40585810,Hold
1778878919999,79137.34000000,79111.49000000,16.79429010,Buy
1778878979999,79164.67000000,79120.39300000,18.89639545,Buy
1778879039999,79150.05000000,79126.08500000,18.39297543,Buy
1778879099999,79103.00000000,79125.40100000,19.09804726,Sell
1778879159999,79108.00000000,79125.52300000,18.98225068,Hold
1778879219999,79107.99000000,79125.64500000,18.86488974,Hold
1778879279999,79132.68000000,79127.59300000,18.48108982,Hold
1778879339999,79139.65000000,79128.96300000,18.81331871,Hold
1778879399999,79159.89000000,79132.64000000,20.80034855,Buy
1778879459999,79155.99000000,79135.92600000,21.61793108,Hold
1778879519999,79144.45000000,79136.63700000,21.76913735,Hold
1778879579999,79159.23000000,79136.09300000,21.12010561,Buy
1778879639999,79179.13000000,79139.00100000,24.56299959,Buy
1778879699999,79181.99000000,79146.90000000,24.41607995,Buy
1778879759999,79191.33000000,79155.23300000,23.93298061,Buy
1778879819999,79193.49000000,79163.78300000,20.56343262,Buy
1778879879999,79186.91000000,79169.20600000,18.71341722,Hold
1778879939999,79193.49000000,79174.59000000,17.11198644,Buy
1778879999999,79193.50000000,79177.95100000,17.19516121,Hold
1778880059999,79135.30000000,79175.88200000,20.61734794,Sell
1778880119999,79115.89000000,79173.02600000,26.03891787,Sell
1778880179999,79130.65000000,79170.16800000,28.81660382,Sell
1778880239999,79130.65000000,79165.32000000,30.90354413,Sell
1778880299999,79123.01000000,79159.42200000,32.73327597,Sell
1778880359999,79118.39000000,79152.12800000,32.93653558,Sell
1778880419999,79134.90000000,79146.26900000,30.15105950,Hold
1778880479999,79148.72000000,79142.45000000,27.01727744,Hold
1778880539999,79150.50000000,79138.15100000,21.38747224,Hold
1778880599999,79131.91000000,79131.99200000,10.81824921,Hold
1778880659999,79108.56000000,79129.31800000,12.79436657,Sell
1778880719999,79118.48000000,79129.57700000,12.54367733,Hold
1778880779999,79118.48000000,79128.36000000,12.96387134,Hold
1778880839999,79118.48000000,79127.14300000,13.25963427,Hold
1778880899999,79143.05000000,79129.14700000,13.97844702,Hold
1778880959999,79116.32000000,79128.94000000,14.15047773,Hold
1778881019999,79141.17000000,79129.56700000,14.53437377,Hold
1778881079999,79108.47000000,79125.54200000,14.24331408,Sell
1778881139999,79108.47000000,79121.33900000,12.33133930,Sell
1778881199999,79104.00000000,79118.54800000,12.77347783,Sell
1778881259999,79113.20000000,79119.01200000,12.48321016,Hold
1778881319999,79130.26000000,79120.19000000,12.92541295,Hold
1778881379999,79113.20000000,79119.66200000,13.09126105,Hold
1778881439999,79113.20000000,79119.13400000,13.23398519,Hold
1778881499999,79135.31000000,79118.36000000,11.97948580,Buy
1778881559999,79119.40000000,79118.66800000,11.96265924,Hold
1778881619999,79094.61000000,79114.01200000,11.34335118,Sell
1778881679999,79080.05000000,79111.17000000,15.25991547,Sell
1778881739999,79063.50000000,79106.67300000,20.95604688,Sell
1778881799999,79044.99000000,79100.77200000,28.00176523,Sell
1778881859999,79074.81000000,79096.93300000,28.65864548,Hold
1778881919999,79071.48000000,79091.05500000,27.21183024,Hold
1778881979999,79085.99000000,79088.33400000,26.20315218,Hold
1778882039999,79080.94000000,79085.10800000,24.89645429,Hold
1778882099999,79032.28000000,79074.80500000,23.25375894,Sell
1778882159999,79030.05000000,79065.87000000,21.50192270,Sell
1778882219999,79020.96000000,79058.50500000,22.96043347,Sell
1778882279999,78972.09000000,79047.70900000,33.33113273,Sell
1778882339999,79016.21000000,79042.98000000,34.10108649,Hold
1778882399999,78973.50000000,79035.83100000,39.92641894,Sell
1778882459999,78998.12000000,79028.16200000,39.05868759,Hold
1778882519999,79030.00000000,79024.01400000,36.34650030,Hold
1778882579999,79016.10000000,79017.02500000,29.90623087,Hold
1778882639999,79037.92000000,79012.72300000,22.60581388,Buy
1778882699999,79048.00000000,79014.29500000,24.38751084,Buy
1778882759999,79050.21000000,79016.31100000,26.36006732,Buy
1778882819999,79044.01000000,79018.61600000,27.64239975,Hold
1778882879999,79052.39000000,79026.64600000,24.43814240,Buy
1778882939999,79056.25000000,79030.65000000,25.65033060,Hold
1778882999999,79054.00000000,79038.70000000,17.91778335,Hold
1778883059999,79079.54000000,79046.84200000,16.02721797,Buy
1778883119999,79071.77000000,79051.01900000,16.52875098,Buy
1778883179999,79093.12000000,79058.72100000,16.40714994,Buy
1778883239999,79073.03000000,79062.23200000,15.29947829,Hold
1778883299999,79070.75000000,79064.50700000,14.69350404,Hold
1778883359999,79055.48000000,79065.03400000,14.25936829,Hold
1778883419999,79052.47000000,79065.88000000,13.19842491,Sell
1778883479999,79056.04000000,79066.24500000,12.86661358,Hold
1778883539999,79063.86000000,79067.00600000,12.47194628,Hold
1778883599999,79052.46000000,79066.85200000,12.63996582,Sell
1778883659999,79025.07000000,79061.40500000,16.98746435,Sell
1778883719999,79038.94000000,79058.12200000,17.81909526,Sell
1778883779999,79070.39000000,79055.84900000,14.31495753,Buy
1778883839999,79077.20000000,79056.26600000,14.85974307,Buy
1778883899999,79087.96000000,79057.98700000,17.24304094,Buy
1778883959999,79068.83000000,79059.32200000,17.51196151,Hold
1778884019999,79068.83000000,79060.95800000,17.55954202,Hold
1778884079999,79068.83000000,79062.23700000,17.62043816,Hold
1778884139999,79050.01000000,79060.85200000,17.97910331,Hold
1778884199999,79075.00000000,79063.10600000,18.19729826,Hold
1778884259999,79113.21000000,79071.92000000,18.96898574,Buy
1778884319999,79101.04000000,79078.13000000,17.24203352,Buy
1778884379999,79101.04000000,79081.19500000,18.28632125,Buy
1778884439999,79092.53000000,79082.72800000,18.52813202,Hold
1778884499999,79100.00000000,79083.93200000,19.20772959,Hold
1778884559999,79075.97000000,79084.64600000,18.76058059,Hold
1778884619999,79080.00000000,79085.76300000,18.10678439,Hold
1778884679999,79108.94000000,79089.77400000,18.35244409,Buy
1778884739999,79129.99000000,79097.77200000,16.62706516,Buy
1778884799999,79111.20000000,79101.39200000,15.15023485,Hold
1778884859999,79113.21000000,79101.39200000,15.15023485,Hold
1778884919999,79113.21000000,79102.60900000,15.55643433,Hold
1778884979999,79119.43000000,79104.44800000,16.33000784,Hold
1778885039999,79145.44000000,79109.73900000,19.81173917,Buy
1778885099999,79122.12000000,79111.95100000,19.83572961,Hold
1778885159999,79131.99000000,79117.55300000,16.51564958,Hold
1778885219999,79127.47000000,79122.30000000,10.91075524,Hold
1778885279999,79127.48000000,79124.15400000,10.02205288,Hold
1778885339999,79127.02000000,79123.85700000,9.88781275,Hold
1778885399999,79109.33000000,79123.67000000,10.13988560,Sell
1778885459999,79100.44000000,79122.39300000,12.00869189,Sell
1778885519999,79101.93000000,79121.26500000,13.28069972,Sell
1778885579999,79101.93000000,79119.51500000,14.50386104,Sell
1778885639999,79090.00000000,79113.97100000,14.12547376,Sell
1778885699999,79088.55000000,79110.61400000,15.69208922,Sell
1778885759999,79100.00000000,79107.41500000,14.19790213,Hold
1778885819999,79106.23000000,79105.29100000,12.52953187,Hold
1778885879999,79113.20000000,79103.86300000,10.58158972,Hold
1778885939999,79113.20000000,79102.48100000,8.07176616,Buy
1778885999999,79107.38000000,79102.28600000,7.92619228,Hold
1778886059999,79102.50000000,79102.49200000,7.90227157,Hold
1778886119999,79122.26000000,79104.52500000,9.86704642,Buy
1778886179999,79129.28000000,79107.26000000,12.26727272,Buy
1778886239999,79145.42000000,79112.80200000,15.34926760,Buy
1778886299999,79099.03000000,79113.85000000,13.95179415,Sell
1778886359999,79096.49000000,79113.49900000,14.33471552,Sell
1778886419999,79109.27000000,79113.80300000,14.20902041,Hold
1778886479999,79109.26000000,79113.40900000,14.27475215,Hold
1778886539999,79101.12000000,79112.20100000,14.74472343,Hold
1778886599999,79086.81000000,79110.14400000,16.59282086,Sell
1778886659999,79099.49000000,79109.84300000,16.75526189,Hold
1778886719999,79103.99000000,79108.01600000,16.29136102,Hold
1778886779999,79110.00000000,79106.08800000,14.72647670,Hold
1778886839999,79110.00000000,79102.54600000,7.15213982,Buy
1778886899999,79105.53000000,79103.19600000,7.09822541,Hold
1778886959999,79097.17000000,79103.26400000,7.03664721,Hold
1778887019999,79106.88000000,79103.02500000,6.86714096,Hold
1778887079999,79151.21000000,79107.22000000,16.05775514,Buy
1778887139999,79124.49000000,79109.55700000,16.68814612,Hold
1778887199999,79094.99000000,79110.37500000,15.72584640,Hold
1778887259999,79087.40000000,79109.16600000,16.93450041,Sell
1778887319999,79084.00000000,79107.16700000,18.53199830,Sell
1778887379999,79088.93000000,79105.06000000,19.27308330,Hold
1778887439999,79101.12000000,79104.17200000,19.22953967,Hold
1778887499999,79110.27000000,79104.64600000,19.31539966,Hold
1778887559999,79110.27000000,79105.95600000,19.20787453,Hold
1778887619999,79128.22000000,79108.09000000,20.34383641,Hold
1778887679999,79122.26000000,79105.19500000,15.48018427,Buy
1778887739999,79113.20000000,79104.06600000,14.40624045,Hold
1778887799999,79115.97000000,79106.16400000,14.45929818,Hold
1778887859999,79115.98000000,79109.02200000,13.24121429,Hold
1778887919999,79115.98000000,79112.22000000,10.36020656,Hold
1778887979999,79128.23000000,79116.15000000,7.95478347,Buy
1778888039999,79113.21000000,79117.35900000,6.33175876,Hold
1778888099999,79122.26000000,79118.55800000,6.00251247,Hold
1778888159999,79080.05000000,79115.53600000,12.97363419,Sell
1778888219999,79084.88000000,79111.20200000,15.08052638,Sell
1778888279999,79093.12000000,79108.28800000,15.47251809,Hold
1778888339999,79099.96000000,79106.96400000,15.56176802,Hold
1778888399999,79099.96000000,79105.36300000,15.37531206,Hold
1778888459999,79099.97000000,79103.76200000,15.01577158,Hold
1778888519999,79117.22000000,79103.88600000,15.12090751,Hold
1778888579999,79123.54000000,79103.41700000,14.41481256,Buy
1778888639999,79123.54000000,79104.45000000,15.41502384,Buy
1778888699999,79134.91000000,79105.71500000,17.23613312,Buy
1778888759999,79117.76000000,79109.48600000,15.21521686,Hold
1778888819999,79112.23000000,79112.22100000,12.81522645,Hold
1778888879999,79109.68000000,79113.87700000,11.20930600,Hold
1778888939999,79106.03000000,79114.48400000,10.58628093,Hold
1778888999999,79117.99000000,79116.28700000,9.43149410,Hold
1778889059999,79117.99000000,79118.08900000,7.70528708,Hold
1778889119999,79130.45000000,79119.41200000,8.53375861,Buy
1778889179999,79113.99000000,79118.45700000,8.55270606,Hold
1778889239999,79113.99000000,79117.50200000,8.46454228,Hold
1778889299999,79120.80000000,79116.09100000,6.35935445,Hold
1778889359999,79125.61000000,79116.87600000,6.97192542,Buy
1778889419999,79125.60000000,79118.21300000,7.22996964,Buy
1778889479999,79116.00000000,79118.84500000,6.71428068,Hold
1778889539999,79116.01000000,79119.84300000,5.33543447,Hold
1778889599999,79113.21000000,79119.36500000,5.68284128,Sell
1778889659999,79092.21000000,79116.78700000,9.95986652,Sell
1778889719999,79091.99000000,79112.94100000,11.27956511,Sell
1778889779999,79084.26000000,79109.96800000,14.16120743,Sell
1778889839999,79084.25000000,79106.99400000,16.00684304,Sell
1778889899999,79133.65000000,79108.27900000,17.50889685,Buy
1778889959999,79133.65000000,79109.08300000,18.44579792,Buy
1778890019999,79160.14000000,79112.53700000,23.70058947,Buy
1778890079999,79188.99000000,79119.83600000,33.04163168,Buy
1778890139999,79189.00000000,79127.13500000,38.92783175,Buy
1778890199999,79175.99000000,79133.41300000,41.17345432,Buy
1778890259999,79159.80000000,79140.17200000,39.36277323,Hold
1778890319999,79150.16000000,79145.98900000,35.96409222,Hold
1778890379999,79150.16000000,79152.57900000,29.50729756,Hold
1778890439999,79170.00000000,79161.15400000,18.98983633,Hold
1778890499999,79172.86000000,79165.07500000,16.83138987,Hold
1778890559999,79173.32000000,79169.04200000,13.25154844,Hold
1778890619999,79173.32000000,79170.36000000,12.95268235,Hold
1778890679999,79165.01000000,79167.96200000,11.40947571,Hold
1778890739999,79165.00000000,79165.56200000,9.00187403,Hold
1778890799999,79165.01000000,79164.46400000,8.30567782,Hold
1778890859999,79178.99000000,79166.38300000,9.17752151,Buy
1778890919999,79179.00000000,79169.26700000,8.09380881,Buy
1778890979999,79165.01000000,79170.75200000,5.34873593,Sell
1778891039999,79179.00000000,79171.65200000,5.87753145,Buy
1778891099999,79186.91000000,79173.05700000,7.46365065,Buy
1778891159999,79172.28000000,79172.95300000,7.46650661,Hold
1778891219999,79184.97000000,79174.11800000,8.29571311,Buy
1778891279999,79180.00000000,79175.61700000,7.85723113,Hold
1778891339999,79186.90000000,79177.80700000,7.64189250,Buy
1778891399999,79178.31000000,79179.13700000,6.34654244,Hold
1778891459999,79175.81000000,79178.81900000,6.42512327,Hold
1778891519999,79185.07000000,79179.42600000,6.69462351,Hold
1778891579999,79190.00000000,79181.92500000,5.38254819,Buy
1778891639999,79193.50000000,79183.37500000,6.27788380,Buy
1778891699999,79169.21000000,79181.60500000,7.42253494,Sell
1778891759999,79165.03000000,79180.88000000,8.56422209,Sell
1778891819999,79193.50000000,79181.73300000,9.32051077,Buy
1778891879999,79213.25000000,79185.05800000,13.22301388,Buy
1778891939999,79215.14000000,79187.88200000,16.03204591,Buy
1778891999999,79215.14000000,79191.56500000,17.56700159,Buy
1778892059999,79219.01000000,79195.88500000,18.45096054,Buy
1778892119999,79210.00000000,79198.37800000,18.50539910,Hold
1778892179999,79171.60000000,79196.53800000,20.09356205,Sell
1778892239999,79171.60000000,79194.34800000,21.45279879,Sell
1778892299999,79165.03000000,79193.93000000,21.97294837,Sell
1778892359999,79165.02000000,79193.92900000,21.97426379,Sell
1778892419999,79154.00000000,79189.97900000,25.03357483,Sell
1778892479999,79165.03000000,79185.15700000,24.72892034,Hold
1778892539999,79169.77000000,79180.62000000,22.90661651,Hold
1778892599999,79156.64000000,79174.77000000,20.70824908,Hold
1778892659999,79119.65000000,79164.83400000,20.93349383,Sell
1778892719999,79119.93000000,79155.82700000,18.83415199,Sell
1778892779999,79119.99000000,79150.66600000,20.77593955,Sell
1778892839999,79114.00000000,79144.90600000,22.11511664,Sell
1778892899999,79099.82000000,79138.38500000,24.68465404,Sell
1778892959999,79099.81000000,79131.86400000,25.39034155,Sell
1778893019999,79111.05000000,79127.56900000,24.91072919,Hold
1778893079999,79106.00000000,79121.66600000,22.17856046,Hold
1778893139999,79084.49000000,79113.13800000,18.05457770,Sell
1778893199999,79111.92000000,79108.66600000,10.81087157,Hold
1778893259999,79112.99000000,79108.00000000,10.30709755,Hold
1778893319999,79102.01000000,79106.20800000,9.61147835,Hold
1778893379999,79102.01000000,79104.41000000,8.48031132,Hold
1778893439999,79102.00000000,79103.21000000,7.86509250,Hold
1778893499999,79100.00000000,79103.22800000,7.85751589,Hold
1778893559999,79122.90000000,79105.53700000,9.69224231,Buy
1778893619999,79131.90000000,79107.62200000,12.49214937,Buy
1778893679999,79131.90000000,79110.21200000,14.42306264,Buy
1778893739999,79133.97000000,79115.16000000,13.18423908,Buy
1778893799999,79132.29000000,79117.19700000,14.07013578,Buy
1778893859999,79110.60000000,79116.95800000,14.15958177,Hold
1778893919999,79123.90000000,79119.14700000,13.34829206,Hold
1778893979999,79123.90000000,79121.33600000,12.09448651,Hold
1778894039999,79123.89000000,79123.52500000,10.23470004,Hold
1778894099999,79139.49000000,79127.47400000,7.70065218,Buy
1778894159999,79121.51000000,79127.33500000,7.79394027,Hold
1778894219999,79116.72000000,79125.81700000,8.22344703,Sell
1778894279999,79116.72000000,79124.29900000,8.36038330,Hold
1778894339999,79120.77000000,79122.97900000,7.74894632,Hold
1778894399999,79129.07000000,79122.65700000,7.41505502,Hold
1778894459999,79147.99000000,79126.39600000,9.52060313,Buy
1778894519999,79150.00000000,79129.00600000,11.78650347,Buy
1778894579999,79155.93000000,79132.20900000,14.09061777,Buy
1778894639999,79148.37000000,79134.65700000,14.55163293,Hold
1778894699999,79113.01000000,79132.00900000,15.78802043,Sell
1778894759999,79100.01000000,79129.85900000,18.33056979,Sell
1778894819999,79100.00000000,79128.18700000,20.12726661,Sell
1778894879999,79071.11000000,79123.62600000,26.39949477,Sell
1778894939999,79045.50000000,79116.09900000,35.35292221,Sell
1778894999999,79037.13000000,79106.90500000,42.09614098,Sell
1778895059999,79047.73000000,79096.87900000,43.04572858,Sell
1778895119999,79070.92000000,79088.97100000,39.69384321,Hold
1778895179999,79046.69000000,79078.04700000,34.44829373,Hold
1778895239999,79024.21000000,79065.63100000,28.77216900,Sell
1778895299999,79049.99000000,79059.32900000,24.25097171,Hold
1778895359999,79050.00000000,79054.32800000,20.15708997,Hold
1778895419999,79049.99000000,79049.32700000,13.21313517,Hold
1778895479999,79024.20000000,79044.63600000,12.97182192,Sell
1778895539999,79041.97000000,79044.28300000,12.99152266,Hold
1778895599999,79032.01000000,79043.77100000,13.35902800,Hold
1778895659999,79030.00000000,79041.99800000,13.88224679,Hold
1778895719999,79033.89000000,79038.29500000,10.09605492,Hold
1778895779999,79033.88000000,79037.01400000,9.75658670,Hold
1778895839999,79030.75000000,79037.66800000,9.07153769,Hold
1778895899999,79030.00000000,79035.66900000,8.30622953,Hold
1778895959999,79066.31000000,79037.30000000,11.81874020,Buy
1778896019999,79087.97000000,79041.09800000,19.12848912,Buy
1778896079999,79063.00000000,79044.97800000,19.24214687,Hold
1778896139999,79090.02000000,79049.78300000,23.43385502,Buy
1778896199999,79064.01000000,79052.98300000,22.96863864,Hold
1778896259999,79069.79000000,79056.96200000,22.07151141,Hold
1778896319999,79091.37000000,79062.71000000,22.78752817,Buy
1778896379999,79119.43000000,79071.26500000,26.16643585,Buy
1778896439999,79119.43000000,79080.13300000,25.95922073,Buy
1778896499999,79112.50000000,79088.38300000,21.43009895,Buy
1778896559999,79112.51000000,79093.00300000,21.15169546,Hold
1778896619999,79149.99000000,79099.20500000,27.03975083,Buy
1778896679999,79147.08000000,79107.61300000,27.54224067,Buy
1778896739999,79186.04000000,79117.21500000,35.36247566,Buy
1778896799999,79168.00000000,79127.61400000,33.42454045,Buy
1778896859999,79184.16000000,79139.05100000,31.17336121,Buy
1778896919999,79144.85000000,79144.39900000,26.81776294,Hold
1778896979999,79126.10000000,79145.06600000,26.26571461,Hold
1778897039999,79116.35000000,79144.75800000,26.58069442,Sell
1778897099999,79189.97000000,79152.50500000,27.32895799,Buy
1778897159999,79172.99000000,79158.55300000,24.33715598,Hold
1778897219999,79187.67000000,79162.32100000,25.60364835,Hold
1778897279999,79201.87000000,79167.80000000,27.54470730,Buy
1778897339999,79188.41000000,79168.03700000,27.71032625,Hold
1778897399999,79173.44000000,79168.58100000,27.75761786,Hold
1778897459999,79179.43000000,79168.10800000,27.52746222,Hold
1778897519999,79175.38000000,79171.16100000,26.45061642,Hold
1778897579999,79193.49000000,79177.90000000,22.38370032,Hold
1778897639999,79175.13000000,79183.77800000,9.40245691,Hold
1778897699999,79192.72000000,79184.05300000,9.61729801,Hold
1778897759999,79196.05000000,79186.35900000,9.45138027,Buy
1778897819999,79190.86000000,79186.67800000,9.54362908,Hold
1778897879999,79170.34000000,79183.52500000,9.20612758,Sell
1778897939999,79155.38000000,79180.22200000,12.27480167,Sell
1778897999999,79198.77000000,79182.75500000,13.19310218,Buy
1778898059999,79189.00000000,79183.71200000,13.26410706,Hold
1778898119999,79164.00000000,79182.57400000,14.37204105,Sell
1778898179999,79164.01000000,79179.62600000,14.84625084,Sell
1778898239999,79169.42000000,79179.05500000,15.11555374,Hold
1778898299999,79177.31000000,79177.51400000,14.41306921,Hold
1778898359999,79171.84000000,79175.09300000,13.06661475,Hold
1778898419999,79181.02000000,79174.10900000,12.18282681,Hold
1778898479999,79187.11000000,79175.78600000,12.69216309,Hold
1778898539999,79186.82000000,79178.93000000,11.03361681,Hold
1778898599999,79155.38000000,79174.59100000,10.90923778,Sell
1778898659999,79118.13000000,79167.50400000,19.15224332,Sell
1778898719999,79103.79000000,79161.48300000,27.11596506,Sell
1778898779999,79124.86000000,79157.56800000,29.21359574,Sell
1778898839999,79129.27000000,79153.55300000,30.05569232,Hold
1778898899999,79093.13000000,79145.13500000,33.78070907,Sell
1778898959999,79100.00000000,79137.95100000,34.95608057,Sell
1778899019999,79100.00000000,79129.84900000,33.38890727,Hold
1778899079999,79090.24000000,79120.16200000,29.15452342,Sell
1778899139999,79101.19000000,79111.59900000,19.19182245,Hold
1778899199999,79090.01000000,79105.06200000,13.43594344,Sell
1778899259999,79090.01000000,79102.25000000,13.34901644,Hold
1778899319999,79098.00000000,79101.67100000,13.39515170,Hold
1778899379999,79104.03000000,79099.58800000,11.03968822,Hold
1778899439999,79133.50000000,79100.01100000,12.18999791,Buy
1778899499999,79088.68000000,79099.56600000,12.51009049,Hold
1778899559999,79080.95000000,79097.66100000,13.69343087,Sell
1778899619999,79105.23000000,79098.18400000,13.87149610,Hold
1778899679999,79099.99000000,79099.15900000,13.61922278,Hold
1778899739999,79099.59000000,79098.99900000,13.60381230,Hold
1778899799999,79099.58000000,79099.95600000,13.27032042,Hold
1778899859999,79103.15000000,79101.27000000,12.86478449,Hold
1778899919999,79097.10000000,79101.18000000,12.89046857,Hold
1778899979999,79097.11000000,79100.48800000,12.90463312,Hold
1778900039999,79097.11000000,79096.84900000,6.74159543,Hold
1778900099999,79097.11000000,79097.69200000,6.17025251,Hold
1778900159999,79106.19000000,79100.21600000,3.30054299,Buy
1778900219999,79100.01000000,79099.69400000,2.84803862,Hold
1778900279999,79100.02000000,79099.69700000,2.84836462,Hold
1778900339999,79100.01000000,79099.73900000,2.84957348,Hold
1778900399999,79155.54000000,79105.33500000,16.97579115,Buy
1778900459999,79152.25000000,79110.24500000,21.99303719,Buy
1778900519999,79135.52000000,79114.08700000,22.70542184,Hold
1778900579999,79162.00000000,79120.57600000,25.96483707,Buy
1778900639999,79155.82000000,79126.44700000,26.62428893,Buy
1778900699999,79155.83000000,79132.31900000,25.97388090,Hold
1778900759999,79159.13000000,79137.61300000,25.49954041,Hold
1778900819999,79159.13000000,79143.52500000,22.80733183,Hold
1778900879999,79159.15000000,79149.43800000,17.89850206,Hold
1778900939999,79151.30000000,79154.56700000,7.07698530,Hold
1778900999999,79159.14000000,79154.92700000,7.20768208,Hold
1778901059999,79168.09000000,79156.51100000,8.12720425,Buy
1778901119999,79182.97000000,79161.25600000,8.33559140,Buy
1778901179999,79175.53000000,79162.60900000,9.37927657,Buy
1778901239999,79182.96000000,79165.32300000,10.83569569,Buy
1778901299999,79175.01000000,79167.24100000,10.68202551,Hold
1778901359999,79155.40000000,79166.86800000,11.01855871,Sell
1778901419999,79171.01000000,79168.05600000,10.75756683,Hold
1778901479999,79171.01000000,79169.24200000,10.35661991,Hold
1778901539999,79171.01000000,79171.21300000,8.45551778,Hold
1778901599999,79164.00000000,79171.69900000,7.86680297,Hold
1778901659999,79164.58000000,79171.34800000,8.09499327,Hold
1778901719999,79157.27000000,79168.77800000,8.07687662,Sell
1778901779999,79186.53000000,79169.87800000,9.53836128,Buy
1778901839999,79186.53000000,79170.23500000,10.07312886,Buy
1778901899999,79180.39000000,79170.77300000,10.45039813,Hold
1778901959999,79158.78000000,79171.11100000,9.99234052,Sell
1778902019999,79166.14000000,79170.62400000,10.10345307,Hold
1778902079999,79177.33000000,79171.25600000,10.30351804,Hold
1778902139999,79177.33000000,79171.88800000,10.46166124,Hold
1778902199999,79179.57000000,79173.44500000,10.32963528,Hold
1778902259999,79166.14000000,79173.60100000,10.20561164,Hold
1778902319999,79174.05000000,79175.27900000,8.64226990,Hold
1778902379999,79141.80000000,79170.80600000,12.41398179,Sell
1778902439999,79155.68000000,79167.72100000,11.94758925,Sell
1778902499999,79167.17000000,79166.39900000,11.17932060,Hold
1778902559999,79139.51000000,79164.47200000,13.70258355,Sell
1778902619999,79150.00000000,79162.85800000,14.34647887,Hold
1778902679999,79143.04000000,79159.42900000,14.57377264,Sell
1778902739999,79149.99000000,79156.69500000,13.48276622,Hold
1778902799999,79140.01000000,79152.73900000,11.90157170,Sell
1778902859999,79137.47000000,79149.87200000,11.78063139,Sell
1778902919999,79128.00000000,79145.26700000,10.34205594,Sell
1778902979999,79101.42000000,79141.22900000,16.78411776,Sell
1778903039999,79101.42000000,79135.80300000,19.74481302,Sell
1778903099999,79078.13000000,79126.89900000,23.34105929,Sell
1778903159999,79090.43000000,79121.99100000,25.25493316,Sell
1778903219999,79093.13000000,79116.30400000,24.70455432,Hold
1778903279999,79086.01000000,79110.60100000,24.45571649,Sell
1778903339999,79081.66000000,79103.76800000,21.90892503,Sell
1778903399999,79081.65000000,79097.93200000,19.06605455,Hold
1778903459999,79067.23000000,79090.90800000,15.87809170,Sell
1778903519999,79071.42000000,79085.25000000,10.97713077,Sell
1778903579999,79073.44000000,79082.45200000,10.02343833,Hold
1778903639999,79063.66000000,79078.67600000,9.24913855,Sell
1778903699999,79093.12000000,79080.17500000,10.20454139,Buy
1778903759999,79119.47000000,79083.07900000,15.47878060,Buy
1778903819999,79129.98000000,79086.76400000,20.87777632,Buy
1778903879999,79118.66000000,79090.02900000,22.95430132,Buy
1778903939999,79098.55000000,79091.71800000,22.89768451,Hold
1778903999999,79083.18000000,79091.87100000,22.83492564,Hold
1778904059999,79088.65000000,79094.01300000,21.38142327,Hold
1778904119999,79078.28000000,79094.69900000,20.74615697,Hold
1778904179999,79072.00000000,79094.55500000,20.89766123,Sell
1778904239999,79094.72000000,79097.66100000,18.21037147,Hold
1778904299999,79111.67000000,79099.51600000,18.59407820,Hold
1778904359999,79111.68000000,79098.73700000,17.89170146,Hold
1778904419999,79102.03000000,79095.94200000,14.68920815,Hold
1778904479999,79082.01000000,79092.27700000,13.04376943,Hold
1778904539999,79082.00000000,79090.62200000,13.19194891,Hold
1778904599999,79129.55000000,79095.25900000,17.27791449,Buy
1778904659999,79067.45000000,79093.13900000,19.15719418,Sell
1778904719999,79068.70000000,79092.18100000,20.09297910,Sell
1778904779999,79097.28000000,79094.70900000,18.95282905,Hold
1778904839999,79091.22000000,79094.35900000,18.98168931,Hold
1778904899999,79084.15000000,79091.60700000,18.25339204,Hold
1778904959999,79093.13000000,79089.75200000,17.02012679,Hold
1778905019999,79085.93000000,79088.14200000,16.53718404,Hold
1778905079999,79097.14000000,79089.65500000,16.59896217,Hold
1778905139999,79088.17000000,79090.27200000,16.41662194,Hold
1778905199999,79079.15000000,79085.23200000,10.10928464,Hold
1778905259999,79079.14000000,79086.40100000,8.53945953,Hold
1778905319999,79079.15000000,79087.44600000,6.76428148,Sell
1778905379999,79079.15000000,79085.63300000,6.29921749,Sell
1778905439999,79093.08000000,79085.81900000,6.48612897,Buy
1778905499999,79076.69000000,79085.07300000,7.04050147,Sell
1778905559999,79089.99000000,79084.75900000,6.73767237,Hold
1778905619999,79083.31000000,79084.49700000,6.73798345,Hold
1778905679999,79083.32000000,79083.11500000,5.25780230,Hold
1778905739999,79060.26000000,79080.32400000,8.33874115,Sell
1778905799999,79051.60000000,79077.56900000,12.01305827,Sell
1778905859999,79050.00000000,79074.65500000,14.54580163,Sell
1778905919999,79027.42000000,79069.48200000,20.14731833,Sell
1778905979999,79000.00000000,79061.56700000,28.57787643,Sell
1778906039999,78946.41000000,79046.90000000,42.75956829,Sell
1778906099999,78925.78000000,79031.80900000,54.57933152,Sell
1778906159999,78953.89000000,79018.19900000,55.33810178,Sell
1778906219999,78979.95000000,79007.86300000,51.74772440,Hold
1778906279999,78978.00000000,78997.33100000,45.68049856,Hold
1778906339999,78955.39000000,78986.84400000,41.91216558,Hold
1778906399999,78955.40000000,78977.22400000,36.65547413,Hold
1778906459999,78992.75000000,78971.49900000,28.37814668,Hold
1778906519999,79009.41000000,78969.69800000,25.16116404,Buy
1778906579999,78996.26000000,78969.32400000,24.73210796,Buy
1778906639999,78991.77000000,78973.86000000,24.26888996,Hold
1778906699999,78993.75000000,78980.65700000,18.73959394,Hold
1778906759999,78990.00000000,78984.26800000,16.58960506,Hold
1778906819999,78980.88000000,78984.36100000,16.56773035,Hold
1778906879999,79015.11000000,78988.07200000,18.74091876,Buy
1778906939999,79010.01000000,78993.53400000,16.20817275,Buy
1778906999999,79004.41000000,78998.43500000,10.25151720,Hold
1778907059999,78995.42000000,78998.70200000,10.13407203,Hold
1778907119999,78995.43000000,78997.30400000,9.50523456,Hold
1778907179999,78969.49000000,78994.62700000,12.66633416,Sell
1778907239999,78979.70000000,78993.42000000,13.43296170,Sell
1778907299999,78989.93000000,78993.03800000,13.47240350,Hold
1778907359999,78989.92000000,78993.03000000,13.47422873,Hold
1778907419999,78997.98000000,78994.74000000,12.89646231,Hold
1778907479999,79012.60000000,78994.48900000,12.51638962,Buy
1778907539999,79035.26000000,78997.01400000,17.10034163,Buy
1778907599999,79035.26000000,79000.09900000,20.58421796,Buy
1778907659999,79020.52000000,79002.60900000,21.37574207,Hold
1778907719999,78959.19000000,78998.98500000,25.04308537,Sell
1778907779999,78969.47000000,78998.98300000,25.04544152,Sell
1778907839999,79006.13000000,79001.62600000,24.25310792,Hold
1778907899999,79006.13000000,79003.24600000,23.95699906,Hold
1778907959999,79019.08000000,79006.16200000,23.93215569,Hold
1778908019999,79034.65000000,79009.82900000,25.17465569,Hold
1778908079999,79025.98000000,79011.16700000,25.63768088,Hold
1778908139999,79008.61000000,79008.50200000,24.34738212,Hold
1778908199999,79013.99000000,79006.37500000,22.79657090,Hold
1778908259999,79008.62000000,79005.18500000,22.33301245,Hold
1778908319999,79008.61000000,79010.12700000,16.24681941,Hold
1778908379999,79025.07000000,79015.68700000,9.49082193,Hold
1778908439999,79026.78000000,79017.75200000,9.43309684,Hold
1778908499999,79031.19000000,79020.25800000,9.34099438,Buy
1778908559999,79031.20000000,79021.47000000,9.88024291,Hold
1778908619999,79026.84000000,79020.68900000,9.08414492,Hold
1778908679999,79024.92000000,79020.58300000,9.02779713,Hold
1778908739999,79024.93000000,79022.21500000,8.14813261,Hold
1778908799999,79025.34000000,79023.35000000,7.70164528,Hold
1778908859999,79025.33000000,79025.02100000,5.93446282,Hold
1778908919999,79025.34000000,79026.69400000,2.34456904,Hold
1778908979999,79025.34000000,79026.72100000,2.32720197,Hold
1778909039999,79025.34000000,79026.57700000,2.36336645,Hold
1778909099999,79025.33000000,79025.99100000,1.80821155,Hold
1778909159999,79025.32000000,79025.40300000,0.50551063,Hold
1778909219999,79029.72000000,79025.69100000,1.35268215,Buy
1778909279999,79029.72000000,79026.17100000,1.77853563,Buy
1778909339999,79029.72000000,79026.65000000,2.00979601,Buy
1778909399999,79025.33000000,79026.64900000,2.01044995,Hold
1778909459999,79024.01000000,79026.51700000,2.13235574,Sell
1778909519999,79013.51000000,79025.33400000,4.46398073,Sell
1778909579999,78992.43000000,79022.04300000,10.83345564,Sell
1778909639999,78992.74000000,79018.78300000,13.83892051,Sell
1778909699999,78992.75000000,79015.52500000,15.63286746,Sell
1778909759999,78992.42000000,79012.23500000,16.65389879,Sell
1778909819999,78992.75000000,79008.53800000,16.46446282,Hold
1778909879999,78979.29000000,79003.49500000,16.92109704,Sell
1778909939999,78940.96000000,78994.61900000,23.01798664,Sell
1778909999999,79016.53000000,78993.73900000,21.97148036,Buy
1778910059999,79000.00000000,78991.33800000,19.72987116,Hold
1778910119999,78992.01000000,78989.18800000,18.31749754,Hold
1778910179999,79009.86000000,78990.93100000,19.34359762,Hold
1778910239999,79039.49000000,78995.60600000,24.24437139,Buy
1778910299999,79004.00000000,78996.73100000,24.34654327,Hold
1778910359999,79018.10000000,78999.29900000,25.09909339,Hold
1778910419999,79018.11000000,79001.83500000,25.58573089,Hold
1778910479999,79018.10000000,79005.71600000,24.80312045,Hold
1778910539999,79000.24000000,79011.64400000,12.79524537,Hold
1778910599999,79011.84000000,79011.17500000,12.69310384,Hold
1778910659999,79011.85000000,79012.36000000,12.13540935,Hold
1778910719999,79006.14000000,79013.77300000,10.37921871,Hold
1778910779999,79006.13000000,79013.40000000,10.57825316,Hold
1778910839999,79006.14000000,79010.06500000,6.16272383,Hold
1778910899999,79006.13000000,79010.27800000,5.98362733,Hold
1778910959999,79004.90000000,79008.95800000,5.55295561,Hold
1778911019999,79004.89000000,79007.63600000,4.72933230,Hold
1778911079999,79000.01000000,79005.82700000,3.73632988,Sell
1778911139999,78972.01000000,79003.00400000,10.82720296,Sell
1778911199999,79027.37000000,79004.55700000,12.89880696,Buy
1778911259999,79030.00000000,79006.37200000,14.91646191,Buy
1778911319999,79033.60000000,79009.11800000,17.00268614,Buy
1778911379999,79033.60000000,79011.86500000,18.45506286,Buy
1778911439999,79025.56000000,79013.80700000,18.76954238,Hold
1778911499999,79023.51000000,79015.54500000,18.78287159,Hold
1778911559999,79038.18000000,79018.87300000,19.53518367,Hold
1778911619999,79016.00000000,79019.98400000,19.01741476,Hold
1778911679999,79007.58000000,79020.74100000,18.34608593,Hold
1778911739999,79007.00000000,79024.24000000,10.28330394,Sell
1778911799999,78965.30000000,79018.03300000,20.33794879,Sell
1778911859999,78953.05000000,79010.33800000,27.61117991,Sell
1778911919999,78970.18000000,79003.99600000,28.79775554,Sell
1778911979999,78970.19000000,78997.65500000,28.56129067,Hold
1778912039999,78921.37000000,78987.23600000,34.80320365,Sell
1778912099999,78936.65000000,78978.55000000,35.49831573,Sell
1778912159999,78914.45000000,78966.17700000,34.09320462,Sell
1778912219999,78914.45000000,78956.02200000,32.84140216,Sell
1778912279999,78914.00000000,78946.66400000,30.02911327,Sell
1778912339999,78913.98000000,78937.36200000,23.62205613,Hold
1778912399999,78912.75000000,78932.10700000,22.64748068,Hold
1778912459999,78892.37000000,78926.03900000,24.29258630,Sell
1778912519999,78824.40000000,78911.46100000,34.86857481,Sell
1778912579999,78833.77000000,78897.81900000,35.89419102,Sell
1778912639999,78852.22000000,78890.90400000,37.32341951,Sell
1778912699999,78829.43000000,78880.18200000,38.03566716,Sell
1778912759999,78837.97000000,78872.53400000,38.06541454,Hold
1778912819999,78816.03000000,78862.69200000,38.67409877,Sell
1778912879999,78810.85000000,78852.37700000,37.34695304,Sell
1778912939999,78820.57000000,78843.03600000,32.08139935,Hold
1778912999999,78824.77000000,78834.23800000,22.34215469,Hold
1778913059999,78839.18000000,78828.91900000,11.63569976,Hold
1778913119999,78849.22000000,78831.40100000,12.97690676,Buy
1778913179999,78873.15000000,78835.33900000,18.07287882,Buy
1778913239999,78881.71000000,78838.28800000,22.46024256,Buy
1778913299999,78873.88000000,78842.73300000,24.56699210,Buy
1778913359999,78880.68000000,78847.00400000,26.96339229,Buy
1778913419999,78874.33000000,78852.83400000,25.91848344,Hold
1778913479999,78899.07000000,78861.65600000,25.12869364,Buy
