timestamp,signal,price,quantity,cash_after,position_after,commission
1779094260000,Buy,76899.40000000,0.13004003,0.00000000,0.13004003,0.00000000
1779094920000,Sell,76902.80000000,0.13004003,10000.44213609,0.00000000,0.00000000
1779095280000,Buy,76866.50000000,0.13009569,0.44213609,0.13009569,0.00000000
1779095400000,Sell,76822.70000000,0.13009569,9994.74394507,0.00000000,0.00000000
1779095700000,Buy,76850.70000000,0.13004436,0.74394507,0.13004436,0.00000000
1779096300000,Sell,76871.90000000,0.13004436,9997.50088548,0.00000000,0.00000000
1779096540000,Buy,76895.00000000,0.13000845,0.50088548,0.13000845,0.00000000
1779096660000,Sell,76843.70000000,0.13000845,9990.83145183,0.00000000,0.00000000
1779096840000,Buy,76876.40000000,0.12994885,0.83145183,0.12994885,0.00000000
1779097200000,Sell,76900.10000000,0.12994885,9993.91123965,0.00000000,0.00000000
1779097560000,Buy,76908.80000000,0.12993312,0.91123965,0.12993312,0.00000000
1779097920000,Sell,76852.10000000,0.12993312,9986.54403199,0.00000000,0.00000000
1779098160000,Buy,76865.50000000,0.12991524,0.54403199,0.12991524,0.00000000
1779098520000,Sell,76844.10000000,0.12991524,9983.76384582,0.00000000,0.00000000
1779099000000,Buy,76773.60000000,0.13003168,0.76384582,0.13003168,0.00000000
1779099060000,Sell,76750.40000000,0.13003168,9980.74711090,0.00000000,0.00000000
1779099780000,Buy,76707.50000000,0.13010462,0.74711090,0.13010462,0.00000000
1779100440000,Sell,76738.30000000,0.13010462,9984.75433315,0.00000000,0.00000000
1779100680000,Buy,76766.30000000,0.13005707,0.75433315,0.13005707,0.00000000
1779100920000,Sell,76720.60000000,0.13005707,9978.81072508,0.00000000,0.00000000
1779101100000,Buy,76772.10000000,0.12996909,0.81072508,0.12996909,0.00000000
1779101340000,Sell,76763.90000000,0.12996909,9977.74497854,0.00000000,0.00000000
1779102660000,Buy,76680.40000000,0.13011148,0.74497854,0.13011148,0.00000000
1779102900000,Sell,76668.10000000,0.13011148,9976.14460739,0.00000000,0.00000000
1779103020000,Buy,76715.20000000,0.13003942,0.14460739,0.13003942,0.00000000
1779103320000,Sell,76720.60000000,0.13003942,9976.84682025,0.00000000,0.00000000
1779103440000,Buy,76750.60000000,0.12997944,0.84682025,0.12997944,0.00000000
1779103740000,Sell,76730.00000000,0.12997944,9974.16924378,0.00000000,0.00000000
1779103980000,Buy,76816.60000000,0.12984173,0.16924378,0.12984173,0.00000000
1779104220000,Sell,76817.00000000,0.12984173,9974.22118047,0.00000000,0.00000000
1779104340000,Buy,77080.20000000,0.12939769,0.22118047,0.12939769,0.00000000
1779104760000,Sell,77204.10000000,0.12939769,9990.25355455,0.00000000,0.00000000
1779105240000,Buy,77221.70000000,0.12936778,0.25355455,0.12936778,0.00000000
1779105540000,Sell,77201.00000000,0.12936778,9987.57564147,0.00000000,0.00000000
1779105600000,Buy,77245.30000000,0.12928942,0.57564147,0.12928942,0.00000000
1779106260000,Sell,77361.60000000,0.12928942,10002.61200097,0.00000000,0.00000000
1779106680000,Buy,77368.00000000,0.12927825,0.61200097,0.12927825,0.00000000
1779107160000,Sell,77343.50000000,0.12927825,9999.44468373,0.00000000,0.00000000
1779107520000,Buy,77308.80000000,0.12933845,0.44468373,0.12933845,0.00000000
1779108420000,Sell,77636.70000000,0.12933845,10041.85475994,0.00000000,0.00000000
1779109140000,Buy,77558.70000000,0.12946323,0.85475994,0.12946323,0.00000000
1779109260000,Sell,77498.80000000,0.12946323,10034.09991233,0.00000000,0.00000000
1779109620000,Buy,77465.10000000,0.12952930,0.09991233,0.12952930,0.00000000
1779109680000,Sell,77424.50000000,0.12952930,10028.84102284,0.00000000,0.00000000
1779109920000,Buy,77459.90000000,0.12946053,0.84102284,0.12946053,0.00000000
1779110100000,Sell,77357.40000000,0.12946053,10015.57131813,0.00000000,0.00000000
1779110580000,Buy,77351.40000000,0.12947406,0.57131813,0.12947406,0.00000000
1779110700000,Sell,77270.60000000,0.12947406,10005.10981387,0.00000000,0.00000000
1779111780000,Buy,77018.40000000,0.12990402,0.10981387,0.12990402,0.00000000
1779112620000,Sell,76842.80000000,0.12990402,9982.29866745,0.00000000,0.00000000
1779113040000,Buy,76889.90000000,0.12982199,0.29866745,0.12982199,0.00000000
1779113220000,Sell,76678.60000000,0.12982199,9954.86728049,0.00000000,0.00000000
1779113340000,Buy,76790.10000000,0.12962608,0.86728049,0.12962608,0.00000000
1779113580000,Sell,76618.90000000,0.12962608,9932.67529480,0.00000000,0.00000000
1779114240000,Buy,76660.00000000,0.12955909,0.67529480,0.12955909,0.00000000
1779114540000,Sell,76572.70000000,0.12955909,9921.36478606,0.00000000,0.00000000
1779115080000,Buy,76404.70000000,0.12984803,0.36478606,0.12984803,0.00000000
1779115500000,Sell,76324.10000000,0.12984803,9910.89903461,0.00000000,0.00000000
1779115800000,Buy,76348.20000000,0.12980005,0.89903461,0.12980005,0.00000000
1779116040000,Sell,76285.30000000,0.12980005,9902.73461161,0.00000000,0.00000000
1779116880000,Buy,76209.10000000,0.12993199,0.73461161,0.12993199,0.00000000
1779117300000,Sell,76201.40000000,0.12993199,9901.73413529,0.00000000,0.00000000
1779117840000,Buy,76098.30000000,0.13010803,0.73413529,0.13010803,0.00000000
1779118020000,Sell,76007.80000000,0.13010803,9889.95935846,0.00000000,0.00000000
1779118260000,Buy,76082.50000000,0.12997733,0.95935846,0.12997733,0.00000000
1779118740000,Sell,76156.10000000,0.12997733,9899.52568974,0.00000000,0.00000000
1779119160000,Buy,76286.80000000,0.12976033,0.52568974,0.12976033,0.00000000
1779119340000,Sell,76240.00000000,0.12976033,9893.45290651,0.00000000,0.00000000
1779119580000,Buy,76305.90000000,0.12964921,0.45290651,0.12964921,0.00000000
1779120000000,Sell,76246.60000000,0.12964921,9885.76470809,0.00000000,0.00000000
1779120600000,Buy,76324.00000000,0.12951365,0.76470809,0.12951365,0.00000000
1779121320000,Sell,76413.90000000,0.12951365,9897.40798543,0.00000000,0.00000000
1779121860000,Buy,76256.40000000,0.12978583,0.40798543,0.12978583,0.00000000
1779122340000,Sell,76344.80000000,0.12978583,9908.88105261,0.00000000,0.00000000
1779122700000,Buy,76418.50000000,0.12965447,0.88105261,0.12965447,0.00000000
1779122760000,Sell,76335.00000000,0.12965447,9898.05490449,0.00000000,0.00000000
1779122820000,Buy,76446.20000000,0.12947668,0.05490449,0.12947668,0.00000000
1779123420000,Sell,76335.50000000,0.12947668,9883.72183627,0.00000000,0.00000000
