timestamp,price,sma,vol
1778853539999,78830.3,,
1778853599999,78758.6,,
1778853659999,78719.4,,
1778853719999,78845.8,,
1778853779999,78949.4,78820.690000,79.230639
1778853839999,78910,78836.630000,87.180928
1778853899999,78963.5,78877.610000,89.004480
1778853959999,78936.7,78921.064000,41.555040
1778854019999,78913.1,78934.520000,20.616355
1778854079999,78935.8,78931.818000,19.341561
1778854139999,79022.1,78954.234000,37.500773
1778854199999,79105.4,78982.622000,71.800702
1778854259999,79140,79023.286000,89.632732
1778854319999,79130.7,79066.812000,77.567284
1778854379999,79251.7,79129.990000,73.711765
1778854439999,79217.3,79169.034000,55.726698
1778854499999,79256,79199.148000,53.871469
1778854559999,79237.8,79218.708000,46.032934
1778854619999,79229.7,79238.512000,14.198862
1778854679999,79280,79244.168000,21.888149
1778854739999,79291.3,79258.958000,23.656031
1778854799999,79226,79252.958000,27.186464
1778854859999,79222.8,79249.964000,29.422206
1778854919999,79176,79239.224000,41.977524
1778854979999,79194,79222.020000,39.276689
1778855039999,79230.9,79209.944000,21.300068
1778855099999,79180,79200.744000,22.289516
1778855159999,79150,79186.174000,26.496880
1778855219999,79094,79169.770000,45.955522
1778855279999,79094.6,79149.882000,52.255770
1778855339999,79128.5,79129.402000,33.025884
1778855399999,79082,79109.802000,25.375331
1778855459999,79146,79109.000000,24.125063
1778855519999,79050.7,79100.336000,33.798987
1778855579999,79054.1,79092.254000,38.693298
1778855639999,79071.2,79080.792000,34.528775
1778855699999,79141.1,79092.612000,42.185815
1778855759999,79209.4,79105.294000,61.454060
1778855819999,79176.9,79130.540000,59.732475
1778855879999,79131.7,79146.050000,46.478822
1778855939999,79190.5,79169.920000,29.404376
1778855999999,79161.7,79174.038000,26.364512
1778856059999,79222.9,79176.738000,30.251418
1778856119999,79196,79180.556000,31.220087
1778856179999,79253.1,79204.836000,30.981195
1778856239999,79219.1,79210.558000,30.446138
1778856299999,79223.8,79222.974000,18.168801
1778856359999,79148.1,79208.006000,35.054016
1778856419999,79054.1,79179.622000,71.648546
1778856479999,79000,79129.008000,89.126895
1778856539999,79005.1,79086.212000,86.924517
1778856599999,79024.5,79046.358000,54.265679
1778856659999,79034,79023.548000,19.666196
1778856719999,79050,79022.734000,18.431490
1778856779999,79104,79043.530000,33.539434
1778856839999,79112,79064.902000,36.213650
1778856899999,79185.5,79097.096000,53.440050
1778856959999,79164.9,79123.270000,47.887396
1778857019999,79227.3,79158.732000,46.117404
1778857079999,79300.8,79198.100000,63.378182
1778857139999,79274.5,79230.590000,51.430206
1778857199999,79150.4,79223.570000,58.954835
1778857259999,79150.1,79220.612000,62.112324
1778857319999,79212.6,79217.674000,62.073430
1778857379999,79101,79177.708000,59.955072
1778857439999,79120.9,79146.994000,37.745569
1778857499999,79112.2,79139.360000,40.078610
1778857559999,79150,79139.344000,40.074343
1778857619999,79115.7,79119.966000,16.373633
1778857679999,79105.1,79120.794000,15.474077
1778857739999,79106.4,79117.900000,16.504313
1778857799999,79251.6,79145.772000,55.335749
1778857859999,79322.2,79180.220000,89.999979
1778857919999,79284,79213.876000,91.049166
1778857979999,79287.9,79250.436000,75.408487
1778858039999,79271.6,79283.478000,23.159915
1778858099999,79240,79281.162000,26.564662
1778858159999,79233.6,79263.436000,22.499518
1778858219999,79221.8,79251.000000,24.761425
1778858279999,79253.5,79244.102000,17.137549
1778858339999,79230.7,79235.914000,10.538995
1778858399999,79271.9,79242.296000,18.052383
1778858459999,79325.9,79260.760000,36.997420
1778858519999,79358.1,79288.008000,47.086026
1778858579999,79296.2,79296.566000,43.803285
1778858639999,79292.9,79309.004000,29.980189
1778858699999,79258.1,79306.250000,33.668587
1778858759999,79158,79272.672000,65.740946
1778858819999,79210,79243.056000,52.649857
1778858879999,79170.3,79217.870000,51.282138
1778858939999,79148.9,79189.078000,40.328636
1778858999999,79139.7,79165.396000,24.487591
1778859059999,79167.8,79167.356000,24.211010
1778859119999,79196.3,79164.614000,19.556134
1778859179999,79208,79172.148000,26.371671
1778859239999,79210,79184.362000,26.921713
1778859299999,79154.2,79187.268000,22.339215
1778859359999,79145,79182.696000,27.573591
1778859419999,79133.9,79170.222000,32.308079
1778859479999,79154.7,79159.558000,26.328305
1778859539999,79148,79147.164000,7.583943
1778859599999,79127.4,79141.786000,9.853845
1778859659999,79143.9,79141.578000,9.795030
1778859719999,79169.8,79148.748000,13.842655
1778859779999,79145.4,79146.888000,13.543547
1778859839999,79119.2,79141.134000,17.402145
1778859899999,79089.5,79133.562000,27.219851
1778859959999,79089.5,79122.672000,31.452438
1778860019999,79080.9,79104.910000,24.051119
1778860079999,79113.2,79098.476000,14.946654
1778860139999,79163.8,79107.390000,30.192696
1778860199999,79132.3,79115.948000,29.969651
1778860259999,79186.9,79135.434000,37.227350
1778860319999,79180,79155.246000,28.232303
1778860379999,79193.5,79171.306000,21.868695
1778860439999,79179.7,79174.474000,21.701461
1778860499999,79235.2,79195.056000,20.701558
1778860559999,79228,79203.274000,23.769167
1778860619999,79226.7,79212.608000,21.890070
1778860679999,79142.4,79202.396000,35.868883
1778860739999,79178.5,79202.170000,36.014688
1778860799999,79150.3,79185.186000,36.459010
1778860859999,79154.2,79170.428000,30.601641
1778860919999,79178,79160.690000,14.839511
1778860979999,79188.8,79169.962000,15.022084
1778861039999,79160.2,79166.300000,14.715705
1778861099999,79199,79176.044000,16.850563
1778861159999,79235.9,79192.376000,25.259042
1778861219999,79146.8,79186.132000,31.202912
1778861279999,79181.6,79184.698000,31.212102
1778861339999,79186.1,79189.876000,28.774084
1778861399999,79198.1,79189.704000,28.721612
1778861459999,79218.9,79186.302000,23.601778
1778861519999,79162.7,79189.488000,18.594311
1778861579999,79176,79188.362000,19.196774
1778861639999,79202.5,79191.642000,19.919252
1778861699999,79204,79192.816000,20.433393
1778861759999,79164.8,79182.000000,17.940648
1778861819999,79168.8,79183.216000,16.758397
1778861879999,79169.7,79181.948000,17.480702
1778861939999,79150,79171.448000,17.741841
1778861999999,79182,79167.046000,10.280834
1778862059999,79245.9,79183.258000,32.922071
1778862119999,79235.9,79196.692000,37.639837
1778862179999,79258,79214.362000,41.356523
1778862239999,79255.5,79235.464000,27.850096
1778862299999,79290.1,79257.086000,18.254909
1778862359999,79269.3,79261.774000,17.770828
1778862419999,79230.1,79260.594000,19.552918
1778862479999,79246,79258.196000,20.437981
1778862539999,79222.4,79251.578000,25.066358
1778862599999,79312,79255.958000,32.287964
1778862659999,79350,79272.100000,50.151566
1778862719999,79330.8,79292.242000,49.437213
1778862779999,79331.6,79309.360000,45.096400
1778862839999,79286.4,79322.158000,21.535558
1778862899999,79330,79325.760000,21.035675
1778862959999,79295.4,79314.832000,19.758414
1778863019999,79292.9,79307.258000,19.457119
1778863079999,79316,79304.132000,16.291663
1778863139999,79262.2,79299.286000,23.043825
1778863199999,79301.2,79293.516000,17.596434
1778863259999,79320,79298.442000,20.612217
1778863319999,79280,79295.866000,21.909142
1778863379999,79270.9,79286.850000,21.034920
1778863439999,79272.9,79289.000000,18.839317
1778863499999,79279.8,79284.736000,17.998505
1778863559999,79254.2,79271.582000,9.412482
1778863619999,79161.1,79247.810000,44.139845
1778863679999,79300,79253.628000,48.501522
1778863739999,79288.9,79256.826000,50.167978
1778863799999,79267.9,79254.438000,49.292204
1778863859999,79284.7,79260.532000,50.750485
1778863919999,79268.2,79281.946000,12.390197
1778863979999,79241.1,79270.166000,16.836684
1778864039999,79246.7,79261.726000,15.864174
1778864099999,79240,79256.148000,17.528583
1778864159999,79280.6,79255.332000,16.227572
1778864219999,79292.9,79260.258000,22.076426
1778864279999,79286.8,79269.392000,21.700861
1778864339999,79267.1,79273.456000,18.782839
1778864399999,79294.3,79284.316000,9.904863
1778864459999,79259.5,79280.094000,14.166895
1778864519999,79264.9,79274.506000,13.529332
1778864579999,79272,79271.552000,12.064438
1778864639999,79242.8,79266.708000,16.823299
1778864699999,79255.4,79258.926000,9.780795
1778864759999,79259.5,79258.920000,9.780450
1778864819999,79309.7,79267.878000,22.890109
1778864879999,79278.3,79269.134000,23.250733
1778864939999,79301.8,79280.918000,21.820049
1778864999999,79296.2,79289.072000,18.053195
1778865059999,79274.5,79292.080000,13.565562
1778865119999,79297.2,79289.586000,11.000730
1778865179999,79301.7,79294.268000,10.135953
1778865239999,79233.7,79280.660000,25.294626
1778865299999,79260,79273.426000,24.994848
1778865359999,79281.6,79274.854000,25.218943
1778865419999,79266.7,79268.756000,22.623876
1778865479999,79246,79257.620000,16.571012
1778865539999,79255.7,79262.018000,11.901920
1778865599999,79270,79264.016000,12.229464
1778865659999,79275.5,79262.790000,10.598751
1778865719999,79270.4,79263.528000,10.970064
1778865779999,79316.3,79277.582000,20.438320
1778865839999,79316.4,79289.722000,21.816241
1778865899999,79323.5,79300.432000,22.629744
1778865959999,79357.1,79316.754000,27.649751
1778866019999,79372.8,79337.228000,23.331787
1778866079999,79397.9,79353.564000,30.448187
1778866139999,79449.1,79380.114000,42.110494
1778866199999,79375.1,79390.432000,32.119731
1778866259999,79374.2,79393.852000,29.166369
1778866319999,79406.1,79400.518000,27.345091
1778866379999,79425.5,79406.020000,28.992823
1778866439999,79458.3,79407.854000,31.815701
1778866499999,79452.5,79423.336000,30.947410
1778866559999,79465.6,79441.602000,22.324624
1778866619999,79467.3,79453.844000,15.144591
1778866679999,79456.2,79460.002000,5.609379
1778866739999,79426.2,79453.570000,14.784616
1778866799999,79475.9,79458.250000,17.220734
1778866859999,79459,79456.938000,16.859941
1778866919999,79422.1,79447.886000,20.583844
1778866979999,79400,79436.638000,27.232482
1778867039999,79388.2,79429.042000,33.639066
1778867099999,79405.1,79414.870000,24.610814
1778867159999,79414.2,79405.914000,11.665134
1778867219999,79400.9,79401.684000,8.419180
1778867279999,79411.1,79403.900000,9.116251
1778867339999,79377,79401.666000,13.164575
1778867399999,79413,79403.250000,13.934052
1778867459999,79422,79404.814000,15.435555
1778867519999,79412.2,79407.064000,15.525088
1778867579999,79382.6,79401.364000,18.030306
1778867639999,79419.1,79409.774000,14.084391
1778867699999,79431.1,79413.396000,16.559431
1778867759999,79453.8,79419.748000,23.354223
1778867819999,79487.9,79434.884000,35.110044
1778867879999,79440,79446.358000,23.649169
1778867939999,79449.5,79452.440000,19.369906
1778867999999,79460,79458.218000,16.193977
1778868059999,79490,79465.458000,20.197590
1778868119999,79513.7,79470.620000,27.309447
1778868179999,79545.4,79491.718000,35.108104
1778868239999,79561.9,79514.212000,36.821815
1778868299999,79531.9,79528.586000,24.976128
1778868359999,79494.4,79529.460000,23.651938
1778868419999,79444.5,79515.626000,41.973922
1778868479999,79486,79503.730000,40.228059
1778868539999,79446.1,79480.572000,32.671306
1778868599999,79454.1,79465.026000,20.956367
1778868659999,79465.1,79459.180000,15.257199
1778868719999,79467.9,79463.866000,13.529063
1778868779999,79526.1,79471.898000,28.216419
1778868839999,79478,79478.266000,25.108673
1778868899999,79480,79483.440000,22.087796
1778868959999,79425,79475.404000,32.253643
1778869019999,79418.1,79465.432000,39.838701
1778869079999,79369.4,79434.076000,41.393527
1778869139999,79283.4,79395.160000,65.979768
1778869199999,79217.3,79342.620000,80.492846
1778869259999,79257.8,79309.188000,73.785574
1778869319999,79299.4,79285.450000,50.289161
1778869379999,79344.5,79280.482000,42.356740
1778869439999,79303.9,79284.588000,43.423209
1778869499999,79336.7,79308.466000,30.875273
1778869559999,79304.4,79317.784000,18.877801
1778869619999,79310,79319.910000,17.210377
1778869679999,79288.2,79308.658000,15.780643
1778869739999,79297.3,79307.328000,16.390673
1778869799999,79282.5,79296.486000,10.096910
1778869859999,79276.4,79290.894000,11.774171
1778869919999,79200.8,79269.054000,34.807853
1778869979999,79193.8,79250.172000,43.735438
1778870039999,79190,79228.716000,41.620917
1778870099999,79226.4,79217.492000,32.079505
1778870159999,79226.6,79207.528000,15.865162
1778870219999,79305.5,79228.462000,41.513414
1778870279999,79286.8,79247.048000,42.639796
1778870339999,79282.6,79265.560000,32.820022
1778870399999,79264.8,79273.254000,26.662495
1778870459999,79297.3,79287.396000,13.841764
1778870519999,79297.4,79285.784000,11.986901
1778870579999,79230.7,79274.574000,24.984717
1778870639999,79276,79273.256000,24.700346
1778870699999,79287.3,79277.744000,24.801888
1778870759999,79230.9,79264.464000,28.295383
1778870819999,79226,79250.180000,25.986002
1778870879999,79228,79249.636000,26.412659
1778870939999,79238.7,79242.172000,22.961065
1778870999999,79276,79239.910000,18.536679
1778871059999,79282,79250.124000,24.026318
1778871119999,79261.1,79257.136000,20.871549
1778871179999,79282,79267.942000,16.523101
1778871239999,79255.3,79271.264000,11.072759
1778871299999,79296,79275.268000,14.980644
1778871359999,79309.5,79280.762000,20.469909
1778871419999,79316,79291.752000,21.658431
1778871479999,79278.3,79290.998000,22.045917
1778871539999,79272,79294.350000,17.071777
1778871599999,79284,79291.952000,17.509476
1778871659999,79272.1,79284.480000,16.378807
1778871719999,79236,79268.476000,16.839393
1778871779999,79222.4,79257.294000,23.767715
1778871839999,79122.5,79227.394000,57.094058
1778871899999,79109.8,79192.558000,64.576047
1778871959999,79139.6,79166.062000,52.565466
1778872019999,79128.4,79144.540000,40.074098
1778872079999,79142.9,79128.640000,11.950536
1778872139999,79166,79137.334000,18.409704
1778872199999,79122.5,79139.872000,15.000730
1778872259999,79087.9,79129.534000,25.646232
1778872319999,79115.9,79127.046000,26.234178
1778872379999,79089.9,79116.462000,28.315672
1778872439999,79096.1,79102.480000,14.088361
1778872499999,79080,79093.978000,12.125503
1778872559999,79115.9,79099.580000,14.310683
1778872619999,79144.1,79105.218000,22.724858
1778872679999,79113.4,79109.902000,21.469993
1778872739999,79106.6,79112.004000,20.507769
1778872799999,79106,79117.210000,13.991164
1778872859999,79104.2,79114.856000,14.963192
1778872919999,79129.1,79111.848000,9.163895
1778872979999,79154.9,79120.162000,19.632693
1778873039999,79161.7,79131.184000,23.925297
1778873099999,79153.4,79140.658000,21.326709
1778873159999,79153.4,79150.502000,11.138677
1778873219999,79129.5,79150.580000,10.988822
1778873279999,79132,79145.996000,12.845906
1778873339999,79137.1,79141.070000,10.356876
1778873399999,79123.3,79135.046000,10.191533
1778873459999,79172.6,79138.892000,17.439503
1778873519999,79180.6,79149.120000,23.022865
1778873579999,79150.8,79152.878000,21.397866
1778873639999,79127.6,79150.980000,23.070489
1778873699999,79156.4,79157.598000,18.460823
1778873759999,79120,79147.072000,21.627426
1778873819999,79158.2,79142.594000,15.732120
1778873879999,79162.5,79144.928000,17.537067
1778873939999,79154.6,79150.334000,15.394467
1778873999999,79177.5,79154.552000,18.949285
1778874059999,79123.7,79155.286000,17.620824
1778874119999,79156.5,79154.938000,17.576371
1778874179999,79127.4,79147.928000,20.000769
1778874239999,79120.9,79141.192000,22.166888
1778874299999,79125.6,79130.824000,13.011510
1778874359999,79130,79132.094000,12.552069
1778874419999,79118.1,79124.414000,4.331451
1778874479999,79157.5,79130.430000,14.127221
1778874539999,79155.9,79137.424000,16.201740
1778874599999,79178.1,79147.924000,21.345079
1778874659999,79165.1,79154.932000,20.024435
1778874719999,79173.4,79165.990000,8.677430
1778874779999,79172.8,79169.054000,7.795010
1778874839999,79132.2,79164.306000,16.605771
1778874899999,79140,79156.682000,17.251587
1778874959999,79152,79154.072000,16.768563
1778875019999,79157.4,79150.876000,14.093460
1778875079999,79158,79147.912000,10.185384
1778875139999,79169.8,79155.432000,9.653185
1778875199999,79146.5,79156.732000,7.734389
1778875259999,79200,79166.330000,18.370403
1778875319999,79184,79171.650000,18.859112
1778875379999,79194,79178.850000,19.139543
1778875439999,79201.1,79185.118000,20.239727
1778875499999,79185,79192.810000,7.225973
1778875559999,79103.3,79173.468000,35.649901
1778875619999,79159.7,79168.610000,35.538531
1778875679999,79167.2,79163.260000,33.255243
1778875739999,79168.8,79156.802000,27.997564
1778875799999,79132.1,79146.238000,25.205828
1778875859999,79117.2,79149.018000,20.673676
1778875919999,79111,79139.274000,24.470745
1778875979999,79125.8,79130.990000,20.247846
1778876039999,79146,79126.428000,12.168062
1778876099999,79147.1,79129.420000,14.766536
1778876159999,79138.5,79133.684000,13.652643
1778876219999,79120.8,79135.642000,10.623559
1778876279999,79132.7,79137.010000,9.668129
1778876339999,79163.5,79140.500000,14.318279
1778876399999,79133.6,79137.800000,14.090178
1778876459999,79072.4,79124.570000,29.667199
1778876519999,79089.6,79118.332000,32.910140
1778876579999,79126.4,79117.086000,32.458928
1778876639999,79134,79111.194000,25.416008
1778876699999,79114.3,79107.342000,23.080495
1778876759999,79113.2,79115.512000,15.097535
1778876819999,79135.8,79124.758000,9.515252
1778876879999,79113,79122.072000,10.507922
1778876939999,79122,79119.670000,8.728844
1778876999999,79168.9,79130.578000,20.877052
1778877059999,79152.9,79138.528000,20.306430
1778877119999,79182.8,79147.914000,26.718991
1778877179999,79170,79159.314000,20.921408
1778877239999,79170,79168.918000,9.472760
1778877299999,79170,79169.142000,9.482450
1778877359999,79142.9,79167.140000,13.068345
1778877419999,79130,79156.590000,16.929874
1778877479999,79130,79148.590000,18.112444
1778877539999,79155.1,79145.598000,15.352251
1778877599999,79142.5,79140.104000,9.396733
1778877659999,79142.5,79140.020000,9.372852
1778877719999,79130,79140.020000,9.372852
1778877779999,79130,79140.020000,9.372852
1778877839999,79108,79130.610000,12.616583
1778877899999,79090,79120.104000,18.714146
1778877959999,79069.4,79105.472000,23.465275
1778878019999,79093.1,79098.096000,20.159454
1778878079999,79093.1,79090.722000,12.384946
1778878139999,79006.1,79070.348000,33.312797
1778878199999,79055.6,79063.474000,32.071393
1778878259999,79052.7,79060.142000,32.152121
1778878319999,79055.9,79052.692000,27.647724
1778878379999,79075.6,79049.194000,23.031205
1778878439999,79093.1,79066.594000,15.583620
1778878499999,79109.8,79077.436000,21.801415
1778878559999,79106.8,79088.252000,20.202870
1778878619999,79106.8,79098.432000,12.782334
1778878679999,79113.2,79105.944000,6.832395
1778878739999,79125.9,79112.508000,7.127680
1778878799999,79123.1,79115.164000,8.052872
1778878859999,79123.1,79118.434000,7.265603
1778878919999,79137.3,79124.548000,7.725644
1778878979999,79164.7,79134.842000,15.808817
1778879039999,79150.1,79139.662000,16.035255
1778879099999,79103,79135.638000,21.331426
1778879159999,79108,79132.612000,23.819212
1778879219999,79108,79126.742000,25.488737
1778879279999,79132.7,79120.344000,18.113163
1778879339999,79139.6,79118.264000,14.893465
1778879399999,79159.9,79129.642000,19.806647
1778879459999,79156,79139.240000,18.583591
1778879519999,79144.4,79146.532000,10.113995
1778879579999,79159.2,79151.842000,8.244335
1778879639999,79179.1,79159.738000,11.172299
1778879699999,79182,79164.158000,14.293689
1778879759999,79191.3,79171.226000,16.990385
1778879819999,79193.5,79181.034000,12.174671
1778879879999,79186.9,79186.570000,5.421985
1778879939999,79193.5,79189.442000,4.433520
1778879999999,79193.5,79191.744000,2.558106
1778880059999,79135.3,79180.538000,22.762254
1778880119999,79115.9,79165.018000,32.856837
1778880179999,79130.6,79153.766000,33.065755
1778880239999,79130.6,79141.198000,26.956636
1778880299999,79123,79127.100000,6.853280
1778880359999,79118.4,79123.718000,6.103633
1778880419999,79134.9,79127.520000,5.962469
1778880479999,79148.7,79131.134000,10.508029
1778880539999,79150.5,79135.104000,13.023798
1778880599999,79131.9,79136.884000,11.799926
1778880659999,79108.6,79134.918000,15.080361
1778880719999,79118.5,79131.634000,16.452177
1778880779999,79118.5,79125.586000,14.502245
1778880839999,79118.5,79119.182000,7.433805
1778880899999,79143.1,79121.410000,11.481871
1778880959999,79116.3,79122.962000,10.078778
1778881019999,79141.2,79127.500000,11.969834
1778881079999,79108.5,79125.498000,13.979450
1778881139999,79108.5,79123.496000,15.477632
1778881199999,79104,79115.686000,13.345712
1778881259999,79113.2,79115.062000,13.374390
1778881319999,79130.3,79112.880000,9.164250
1778881379999,79113.2,79113.826000,8.900529
1778881439999,79113.2,79114.772000,8.524408
1778881499999,79135.3,79121.034000,9.726643
1778881559999,79119.4,79122.274000,9.018296
1778881619999,79094.6,79115.144000,13.068929
1778881679999,79080.1,79108.514000,19.297719
1778881739999,79063.5,79098.574000,25.970342
1778881799999,79045,79080.510000,25.543939
1778881859999,79074.8,79071.592000,16.642527
1778881919999,79071.5,79066.966000,12.231544
1778881979999,79086,79068.154000,13.650774
1778882039999,79080.9,79071.642000,14.231721
1778882099999,79032.3,79069.100000,19.075841
1778882159999,79030.1,79060.148000,24.129009
1778882219999,79021,79050.044000,27.596654
1778882279999,78972.1,79027.264000,34.635085
1778882339999,79016.2,79014.318000,21.913599
1778882399999,78973.5,79002.562000,24.712293
1778882459999,78998.1,78996.176000,20.560755
1778882519999,79030,78997.984000,22.922458
1778882579999,79016.1,79006.786000,19.480809
1778882639999,79037.9,79011.128000,23.167904
1778882699999,79048,79026.028000,17.420602
1778882759999,79050.2,79036.446000,12.495006
1778882819999,79044,79039.248000,12.304740
1778882879999,79052.4,79046.506000,5.109257
1778882939999,79056.2,79050.172000,4.112198
1778882999999,79054,79051.372000,4.178202
1778883059999,79079.5,79057.238000,11.893890
1778883119999,79071.8,79062.790000,10.857243
1778883179999,79093.1,79070.936000,14.624370
1778883239999,79073,79074.292000,12.662966
1778883299999,79070.8,79077.642000,8.323719
1778883359999,79055.5,79072.830000,11.984962
1778883419999,79052.5,79068.970000,14.540320
1778883479999,79056,79061.554000,8.556655
1778883539999,79063.9,79059.720000,6.676571
1778883599999,79052.5,79056.062000,4.171927
1778883659999,79025.1,79049.980000,13.131920
1778883719999,79038.9,79047.274000,13.720830
1778883779999,79070.4,79050.144000,16.478035
1778883839999,79077.2,79052.812000,19.318051
1778883899999,79088,79059.912000,23.871085
1778883959999,79068.8,79068.664000,16.320060
1778884019999,79068.8,79074.642000,7.342352
1778884079999,79068.8,79074.330000,7.546705
1778884139999,79050,79068.892000,12.001084
1778884199999,79075,79066.300000,8.488307
1778884259999,79113.2,79075.176000,20.786953
1778884319999,79101,79081.618000,22.722962
1778884379999,79101,79088.060000,22.750162
1778884439999,79092.5,79096.564000,12.636754
1778884499999,79100,79101.564000,6.636832
1778884559999,79076,79094.116000,9.615589
1778884619999,79080,79089.908000,10.247742
1778884679999,79108.9,79091.488000,12.254752
1778884739999,79130,79098.980000,19.756329
1778884799999,79111.2,79101.220000,20.370383
1778884859999,79113.2,79108.668000,16.146806
1778884919999,79113.2,79115.310000,7.507215
1778884979999,79119.4,79117.408000,6.872858
1778885039999,79145.4,79120.498000,12.774402
1778885099999,79122.1,79122.682000,11.901727
1778885159999,79132,79126.438000,11.266214
1778885219999,79127.5,79129.290000,9.165734
1778885279999,79127.5,79130.900000,7.913904
1778885339999,79127,79127.216000,3.128352
1778885399999,79109.3,79124.658000,7.875987
1778885459999,79100.4,79118.348000,11.347499
1778885519999,79101.9,79113.240000,11.829710
1778885579999,79101.9,79108.130000,9.942718
1778885639999,79090,79100.726000,6.197692
1778885699999,79088.6,79096.570000,5.998690
1778885759999,79100,79096.482000,5.944252
1778885819999,79106.2,79097.342000,6.903846
1778885879999,79113.2,79099.596000,9.416362
1778885939999,79113.2,79104.236000,9.259340
1778885999999,79107.4,79108.002000,4.931476
1778886059999,79102.5,79108.502000,4.161425
1778886119999,79122.3,79111.708000,6.622925
1778886179999,79129.3,79114.924000,9.738085
1778886239999,79145.4,79121.368000,15.450305
1778886299999,79099,79119.698000,17.221715
1778886359999,79096.5,79118.496000,18.539435
1778886419999,79109.3,79115.898000,18.739032
1778886479999,79109.3,79111.894000,17.553243
1778886539999,79101.1,79103.034000,5.294717
1778886599999,79086.8,79100.590000,8.455656
1778886659999,79099.5,79101.190000,8.247310
1778886719999,79104,79100.134000,7.444038
1778886779999,79110,79100.282000,7.629064
1778886839999,79110,79102.058000,8.590454
1778886899999,79105.5,79105.802000,3.960936
1778886959999,79097.2,79105.338000,4.733681
1778887019999,79106.9,79105.916000,4.710179
1778887079999,79151.2,79114.158000,19.006017
1778887139999,79124.5,79117.056000,19.254157
1778887199999,79095,79114.948000,20.906717
1778887259999,79087.4,79112.994000,22.843811
1778887319999,79084,79108.418000,25.720695
1778887379999,79088.9,79095.962000,14.701278
1778887439999,79101.1,79091.288000,6.069014
1778887499999,79110.3,79094.344000,9.839517
1778887559999,79110.3,79098.918000,10.815651
1778887619999,79128.2,79107.762000,12.883092
1778887679999,79122.3,79114.428000,9.625386
1778887739999,79113.2,79116.844000,7.189717
1778887799999,79116,79117.984000,6.473153
1778887859999,79116,79119.126000,5.431352
1778887919999,79116,79116.678000,2.991016
1778887979999,79128.2,79117.872000,5.289474
1778888039999,79113.2,79117.874000,5.287709
1778888099999,79122.3,79119.132000,5.431359
1778888159999,79080.1,79111.946000,16.773628
1778888219999,79084.9,79105.726000,19.644980
1778888279999,79093.1,79098.704000,16.343592
1778888339999,79100,79096.054000,14.775696
1778888399999,79100,79091.594000,8.008125
1778888459999,79100,79095.578000,5.969631
1778888519999,79117.2,79102.046000,8.036620
1778888579999,79123.5,79108.130000,10.199800
1778888639999,79123.5,79112.846000,10.767502
1778888699999,79134.9,79119.836000,11.455707
1778888759999,79117.8,79123.394000,6.364293
1778888819999,79112.2,79122.396000,7.537343
1778888879999,79109.7,79119.624000,9.011390
1778888939999,79106,79116.122000,10.140685
1778888999999,79118,79112.738000,4.634883
1778889059999,79118,79112.784000,4.685363
1778889119999,79130.4,79116.428000,8.427931
1778889179999,79114,79117.290000,7.897382
1778889239999,79114,79118.882000,6.054309
1778889299999,79120.8,79119.444000,6.075806
1778889359999,79125.6,79120.968000,6.463276
1778889419999,79125.6,79119.998000,5.209842
1778889479999,79116,79120.400000,4.791497
1778889539999,79116,79120.804000,4.293253
1778889599999,79113.2,79119.286000,5.259417
1778889659999,79092.2,79112.606000,11.030069
1778889719999,79092,79105.884000,11.300983
1778889779999,79084.3,79099.536000,12.667593
1778889839999,79084.2,79093.184000,10.610081
1778889899999,79133.6,79097.272000,18.524399
1778889959999,79133.6,79105.560000,23.108644
1778890019999,79160.1,79119.190000,30.119742
1778890079999,79189,79140.136000,34.624427
1778890139999,79189,79161.086000,24.755556
1778890199999,79176,79169.554000,20.856882
1778890259999,79159.8,79174.784000,12.994818
1778890319999,79150.2,79172.788000,15.596801
1778890379999,79150.2,79165.022000,15.259547
1778890439999,79170,79161.222000,10.410618
1778890499999,79172.9,79160.596000,9.563417
1778890559999,79173.3,79163.300000,10.788913
1778890619999,79173.3,79167.932000,8.971810
1778890679999,79165,79170.902000,3.195512
1778890739999,79165,79169.902000,4.001912
1778890799999,79165,79168.332000,4.072687
1778890859999,79179,79169.466000,5.748337
1778890919999,79179,79170.602000,6.852858
1778890979999,79165,79170.602000,6.852858
1778891039999,79179,79173.402000,6.852040
1778891099999,79186.9,79177.782000,7.083370
1778891159999,79172.3,79176.440000,7.357698
1778891219999,79185,79177.634000,8.121056
1778891279999,79180,79180.632000,5.119576
1778891339999,79186.9,79182.212000,5.571224
1778891399999,79178.3,79180.492000,5.168270
1778891459999,79175.8,79181.198000,4.136353
1778891519999,79185.1,79181.218000,4.154744
1778891579999,79190,79183.218000,5.328217
1778891639999,79193.5,79184.538000,6.714162
1778891699999,79169.2,79182.718000,8.999972
1778891759999,79165,79180.562000,11.374539
1778891819999,79193.5,79182.248000,12.488054
1778891879999,79213.2,79186.898000,17.735137
1778891939999,79215.1,79191.226000,21.133110
1778891999999,79215.1,79200.412000,19.484886
1778892059999,79219,79211.208000,9.050254
1778892119999,79210,79214.508000,2.931603
1778892179999,79171.6,79206.178000,17.524502
1778892239999,79171.6,79197.470000,21.315324
1778892299999,79165,79187.448000,22.403738
1778892359999,79165,79176.650000,16.932270
1778892419999,79154,79165.450000,6.435974
1778892479999,79165,79164.136000,5.671503
1778892539999,79169.8,79163.770000,5.219015
1778892599999,79156.6,79162.092000,5.854255
1778892659999,79119.6,79153.018000,17.620580
1778892719999,79119.9,79146.204000,21.973269
1778892779999,79120,79137.196000,21.638659
1778892839999,79114,79126.042000,15.466663
1778892899999,79099.8,79114.678000,7.768417
1778892959999,79099.8,79110.710000,9.158089
1778893019999,79111.1,79108.934000,7.983600
1778893079999,79106,79106.136000,5.760530
1778893139999,79084.5,79100.234000,8.927008
1778893199999,79111.9,79102.654000,10.055511
1778893259999,79113,79105.290000,10.673037
1778893319999,79102,79103.482000,10.303447
1778893379999,79102,79102.684000,10.231789
1778893439999,79102,79106.186000,5.129790
1778893499999,79100,79103.802000,4.659276
1778893559999,79122.9,79105.784000,8.593217
1778893619999,79131.9,79111.762000,13.102190
1778893679999,79131.9,79117.740000,14.071901
1778893739999,79134,79124.134000,12.659709
1778893799999,79132.3,79130.592000,3.921293
1778893859999,79110.6,79128.132000,8.799294
1778893919999,79123.9,79126.532000,8.695400
1778893979999,79123.9,79124.932000,8.286880
1778894039999,79123.9,79122.916000,6.963346
1778894099999,79139.5,79124.356000,9.153125
1778894159999,79121.5,79126.538000,6.541637
1778894219999,79116.7,79125.102000,7.656222
1778894279999,79116.7,79123.666000,8.385599
1778894339999,79120.8,79123.042000,8.461455
1778894399999,79129.1,79120.958000,4.518094
1778894459999,79148,79126.254000,11.766496
1778894519999,79150,79132.910000,13.738383
1778894579999,79155.9,79140.752000,13.446451
1778894639999,79148.4,79146.272000,9.060208
1778894699999,79113,79143.060000,15.292508
1778894759999,79100,79133.464000,22.529472
1778894819999,79100,79123.464000,24.017850
1778894879999,79071.1,79106.500000,25.029180
1778894939999,79045.5,79085.926000,24.428487
1778894999999,79037.1,79070.750000,26.380700
1778895059999,79047.7,79060.294000,22.833483
1778895119999,79070.9,79054.478000,13.957477
1778895179999,79046.7,79049.594000,11.303257
1778895239999,79024.2,79045.336000,15.334614
1778895299999,79050,79047.908000,14.812139
1778895359999,79050,79048.362000,14.834497
1778895419999,79050,79044.176000,10.064646
1778895479999,79024.2,79039.678000,12.633653
1778895539999,79042,79043.230000,10.009561
1778895599999,79032,79039.634000,10.163575
1778895659999,79030,79035.634000,9.185329
1778895719999,79033.9,79032.414000,5.778514
1778895779999,79033.9,79034.350000,4.071732
1778895839999,79030.8,79032.106000,1.588264
1778895899999,79030,79031.704000,1.801717
1778895959999,79066.3,79038.966000,13.763861
1778896019999,79088,79049.782000,23.400497
1778896079999,79063,79055.606000,22.316645
1778896139999,79090,79067.460000,21.698292
1778896199999,79064,79074.262000,12.094580
1778896259999,79069.8,79074.958000,11.710992
1778896319999,79091.4,79075.638000,12.517718
1778896379999,79119.4,79086.924000,19.517262
1778896439999,79119.4,79092.806000,23.574065
1778896499999,79112.5,79102.504000,19.323927
1778896559999,79112.5,79111.048000,10.314895
1778896619999,79150,79122.772000,13.956934
1778896679999,79147.1,79128.302000,16.737894
1778896739999,79186,79141.624000,27.453128
1778896799999,79168,79152.724000,24.494111
1778896859999,79184.2,79167.054000,16.395848
1778896919999,79144.9,79166.026000,17.553762
1778896979999,79126.1,79161.830000,23.185233
1778897039999,79116.4,79147.892000,25.293249
1778897099999,79190,79152.286000,29.894590
1778897159999,79173,79150.052000,27.771145
1778897219999,79187.7,79158.616000,31.233076
1778897279999,79201.9,79173.770000,30.142743
1778897339999,79188.4,79188.182000,9.183347
1778897399999,79173.4,79184.876000,10.781008
1778897459999,79179.4,79186.164000,9.604561
1778897519999,79175.4,79183.706000,10.440840
1778897579999,79193.5,79182.030000,7.704630
1778897639999,79175.1,79179.374000,7.327217
1778897699999,79192.7,79183.230000,8.209753
1778897759999,79196.1,79186.554000,9.291585
1778897819999,79190.9,79189.650000,7.448825
1778897879999,79170.3,79185.020000,10.279796
1778897939999,79155.4,79181.070000,15.691246
1778897999999,79198.8,79182.280000,16.741105
1778898059999,79189,79180.870000,15.791947
1778898119999,79164,79175.498000,16.046388
1778898179999,79164,79174.232000,16.642045
1778898239999,79169.4,79177.040000,14.234616
1778898299999,79177.3,79172.748000,9.475179
1778898359999,79171.8,79169.316000,5.033864
1778898419999,79181,79172.720000,5.957963
1778898479999,79187.1,79177.340000,6.355668
1778898539999,79186.8,79180.820000,5.806283
1778898599999,79155.4,79176.434000,11.893302
1778898659999,79118.1,79165.692000,26.489816
1778898719999,79103.8,79150.246000,34.387693
1778898779999,79124.9,79137.796000,29.742392
1778898839999,79129.3,79126.286000,16.911469
1778898899999,79093.1,79113.836000,13.474687
1778898959999,79100,79110.210000,14.248460
1778899019999,79100,79109.452000,14.664569
1778899079999,79090.2,79102.528000,13.908512
1778899139999,79101.2,79096.912000,4.386157
1778899199999,79090,79096.288000,5.051318
1778899259999,79090,79094.290000,5.162430
1778899319999,79098,79093.890000,4.766831
1778899379999,79104,79096.648000,5.745915
1778899439999,79133.5,79103.110000,16.085587
1778899499999,79088.7,79102.844000,16.309456
1778899559999,79080.9,79101.032000,18.045557
1778899619999,79105.2,79102.478000,18.034335
1778899679999,79100,79101.670000,18.037203
1778899739999,79099.6,79094.888000,8.807988
1778899799999,79099.6,79097.068000,8.338068
1778899859999,79103.1,79101.508000,2.291274
1778899919999,79097.1,79099.882000,1.929118
1778899979999,79097.1,79099.306000,2.219050
1778900039999,79097.1,79098.810000,2.372029
1778900099999,79097.1,79098.316000,2.417003
1778900159999,79106.2,79098.924000,3.633002
1778900219999,79100,79099.506000,3.525686
1778900279999,79100,79100.088000,3.316084
1778900339999,79100,79100.668000,2.981197
1778900399999,79155.5,79112.354000,21.725109
1778900459999,79152.2,79121.566000,26.417013
1778900519999,79135.5,79128.668000,24.360435
1778900579999,79162,79141.064000,22.312168
1778900639999,79155.8,79152.226000,8.927727
1778900699999,79155.8,79152.284000,8.949982
1778900759999,79159.1,79153.660000,9.358532
1778900819999,79159.1,79158.382000,2.336043
1778900879999,79159.1,79157.812000,1.622398
1778900939999,79151.3,79156.908000,3.082625
1778900999999,79159.1,79157.570000,3.135009
1778901059999,79168.1,79159.362000,5.316425
1778901119999,79183,79164.130000,10.816068
1778901179999,79175.5,79167.406000,11.282157
1778901239999,79183,79173.738000,9.148638
1778901299999,79175,79176.912000,5.597015
1778901359999,79155.4,79174.374000,10.093207
1778901419999,79171,79171.982000,9.145284
1778901479999,79171,79171.078000,8.971638
1778901539999,79171,79168.688000,6.822224
1778901599999,79164,79166.486000,6.172185
1778901659999,79164.6,79168.322000,3.297219
1778901719999,79157.3,79165.574000,5.128784
1778901779999,79186.5,79168.678000,9.929269
1778901839999,79186.5,79171.782000,12.312867
1778901899999,79180.4,79175.060000,11.982030
1778901959999,79158.8,79173.900000,13.163018
1778902019999,79166.1,79175.674000,11.262775
1778902079999,79177.3,79173.834000,10.022097
1778902139999,79177.3,79171.994000,8.201435
1778902199999,79179.6,79171.830000,8.038485
1778902259999,79166.1,79173.302000,5.904674
1778902319999,79174.1,79174.884000,4.713333
1778902379999,79141.8,79167.778000,13.763499
1778902439999,79155.7,79163.448000,13.479955
1778902499999,79167.2,79160.968000,11.240358
1778902559999,79139.5,79155.642000,13.591123
1778902619999,79150,79150.832000,10.008899
1778902679999,79143,79151.080000,9.795111
1778902739999,79150,79149.942000,9.521280
1778902799999,79140,79144.510000,4.638564
1778902859999,79137.5,79144.102000,5.124660
1778902919999,79128,79139.702000,7.197203
1778902979999,79101.4,79131.378000,16.534347
1778903039999,79101.4,79121.664000,17.006995
1778903099999,79078.1,79109.288000,21.161266
1778903159999,79090.4,79099.880000,16.479336
1778903219999,79093.1,79092.906000,8.596363
1778903279999,79086,79089.824000,7.707922
1778903339999,79081.7,79085.872000,5.498227
1778903399999,79081.6,79086.576000,4.616516
1778903459999,79067.2,79081.936000,8.465548
1778903519999,79071.4,79077.594000,7.061775
1778903579999,79073.4,79075.080000,5.730079
1778903639999,79063.7,79071.480000,6.107192
1778903699999,79093.1,79073.774000,10.247317
1778903759999,79119.5,79084.222000,20.122298
1778903819999,79130,79095.934000,25.567883
1778903879999,79118.7,79104.978000,23.958733
1778903939999,79098.6,79111.956000,13.862064
1778903999999,79083.2,79109.968000,16.818363
1778904059999,79088.6,79103.804000,17.824036
1778904119999,79078.3,79093.464000,14.284222
1778904179999,79072,79084.132000,9.062325
1778904239999,79094.7,79083.366000,7.898379
1778904299999,79111.7,79089.064000,13.788892
1778904359999,79111.7,79093.670000,16.467566
1778904419999,79102,79098.420000,14.670573
1778904479999,79082,79100.422000,11.201431
1778904539999,79082,79097.878000,13.430249
1778904599999,79129.6,79101.454000,18.170390
1778904659999,79067.4,79092.608000,21.500036
1778904719999,79068.7,79085.942000,22.679940
1778904779999,79097.3,79088.996000,22.971083
1778904839999,79091.2,79090.840000,22.703981
1778904899999,79084.1,79081.760000,11.928234
1778904959999,79093.1,79086.896000,10.040141
1778905019999,79085.9,79090.342000,4.785108
1778905079999,79097.1,79090.314000,4.744667
1778905139999,79088.2,79089.704000,4.784866
1778905199999,79079.1,79088.704000,6.164653
1778905259999,79079.1,79085.906000,6.674598
1778905319999,79079.1,79084.550000,7.200008
1778905379999,79079.1,79080.952000,3.609002
1778905439999,79093.1,79081.934000,5.573001
1778905499999,79076.7,79081.442000,5.896275
1778905559999,79090,79083.612000,6.603861
1778905619999,79083.3,79084.444000,6.241402
1778905679999,79083.3,79085.278000,5.736457
1778905739999,79060.3,79078.714000,10.140348
1778905799999,79051.6,79073.696000,14.961979
1778905859999,79050,79065.698000,14.801825
1778905919999,79027.4,79054.520000,18.031941
1778905979999,79000,79037.856000,21.818801
1778906039999,78946.4,79015.086000,39.111041
1778906099999,78925.8,78989.922000,47.168893
1778906159999,78953.9,78970.700000,37.325688
1778906219999,78979.9,78961.206000,26.014453
1778906279999,78978,78956.806000,20.317593
1778906339999,78955.4,78958.602000,19.706969
1778906399999,78955.4,78964.526000,11.826439
1778906459999,78992.8,78972.298000,14.702198
1778906519999,79009.4,78978.190000,21.099489
1778906579999,78996.3,78981.842000,22.296840
1778906639999,78991.8,78989.118000,17.999453
1778906699999,78993.8,78996.788000,6.485505
1778906759999,78990,78996.238000,6.907501
1778906819999,78980.9,78990.532000,5.256278
1778906879999,79015.1,78994.302000,11.299079
1778906939999,79010,78997.950000,12.744698
1778906999999,79004.4,79000.082000,12.755399
1778907059999,78995.4,79001.166000,12.064106
1778907119999,78995.4,79004.076000,7.832659
1778907179999,78969.5,78994.952000,13.892142
1778907239999,78979.7,78988.890000,12.546705
1778907299999,78989.9,78985.994000,10.053617
1778907359999,78989.9,78984.894000,9.229194
1778907419999,78998,78985.404000,9.847088
1778907479999,79012.6,78994.026000,10.949871
1778907539999,79035.3,79005.138000,17.187926
1778907599999,79035.3,79014.204000,18.666622
1778907659999,79020.5,79020.324000,14.178301
1778907719999,78959.2,79012.566000,28.079530
1778907779999,78969.5,79003.940000,32.947002
1778907839999,79006.1,78998.114000,29.263175
1778907899999,79006.1,78992.288000,23.649044
1778907959999,79019.1,78992.000000,23.309814
1778908019999,79034.6,79007.092000,21.542615
1778908079999,79026,79018.394000,11.163216
1778908139999,79008.6,79018.890000,10.650613
1778908199999,79014,79020.462000,9.121560
1778908259999,79008.6,79018.370000,10.319448
1778908319999,79008.6,79013.162000,6.738811
1778908379999,79025.1,79012.980000,6.393616
1778908439999,79026.8,79016.614000,7.870259
1778908499999,79031.2,79020.054000,9.551035
1778908559999,79031.2,79024.570000,8.338309
1778908619999,79026.8,79028.216000,2.514029
1778908679999,79024.9,79028.186000,2.552000
1778908739999,79024.9,79027.816000,2.846181
1778908799999,79025.3,79026.646000,2.383523
1778908859999,79025.3,79025.472000,0.708164
1778908919999,79025.3,79025.172000,0.201732
1778908979999,79025.3,79025.256000,0.163046
1778909039999,79025.3,79025.338000,0.004000
1778909099999,79025.3,79025.336000,0.004899
1778909159999,79025.3,79025.334000,0.008000
1778909219999,79029.7,79026.210000,1.755016
1778909279999,79029.7,79027.086000,2.150661
1778909339999,79029.7,79027.962000,2.153104
1778909399999,79025.3,79027.962000,2.153104
1778909459999,79024,79027.700000,2.508952
1778909519999,79013.5,79024.458000,5.936280
1778909579999,78992.4,79017.000000,13.387998
1778909639999,78992.7,79009.604000,14.487495
1778909699999,78992.8,79003.088000,13.220412
1778909759999,78992.4,78996.770000,8.371225
1778909819999,78992.8,78992.618000,0.157658
1778909879999,78979.3,78989.990000,5.351497
1778909939999,78941,78979.634000,20.016680
1778909999999,79016.5,78984.390000,24.817433
1778910059999,79000,78985.906000,25.484210
1778910119999,78992,78985.758000,25.446154
1778910179999,79009.9,78991.872000,26.794403
1778910239999,79039.5,79011.578000,16.269667
1778910299999,79004,79009.072000,16.278906
1778910359999,79018.1,79012.692000,15.866288
1778910419999,79018.1,79017.912000,12.033811
1778910479999,79018.1,79019.560000,11.363839
1778910539999,79000.2,79011.710000,7.919965
1778910599999,79011.8,79013.278000,6.955701
1778910659999,79011.9,79012.028000,6.525088
1778910719999,79006.1,79009.634000,6.031675
1778910779999,79006.1,79007.240000,4.332533
1778910839999,79006.1,79008.420000,2.796505
1778910899999,79006.1,79007.278000,2.286004
1778910959999,79004.9,79005.888000,0.494020
1778911019999,79004.9,79005.638000,0.606676
1778911079999,79000,79004.414000,2.270758
1778911139999,78972,78997.588000,12.960328
1778911199999,79027.4,79001.836000,17.684031
1778911259999,79030,79006.856000,21.078167
1778911319999,79033.6,79012.598000,23.528574
1778911379999,79033.6,79019.316000,23.769467
1778911439999,79025.6,79030.026000,3.241824
1778911499999,79023.5,79029.254000,4.122405
1778911559999,79038.2,79030.890000,5.490093
1778911619999,79016,79027.370000,7.786162
1778911679999,79007.6,79022.166000,10.203379
1778911739999,79007,79018.454000,11.577032
1778911799999,78965.3,79006.812000,23.631513
1778911859999,78953.1,78989.786000,25.492038
1778911919999,78970.2,78980.622000,22.479088
1778911979999,78970.2,78973.144000,18.050138
1778912039999,78921.4,78956.018000,18.422032
1778912099999,78936.6,78950.288000,19.087460
1778912159999,78914.4,78942.568000,23.665998
1778912219999,78914.4,78931.422000,21.011569
1778912279999,78914,78920.184000,8.677962
1778912339999,78914,78918.706000,8.974360
1778912399999,78912.8,78913.926000,0.622980
1778912459999,78892.4,78909.510000,8.588618
1778912519999,78824.4,78891.500000,34.543682
1778912579999,78833.8,78875.454000,38.743934
1778912639999,78852.2,78863.102000,34.053395
1778912699999,78829.4,78846.438000,24.813722
1778912759999,78838,78835.558000,9.473017
1778912819999,78816,78833.884000,11.760278
1778912879999,78810.9,78829.300000,14.946622
1778912939999,78820.6,78822.970000,9.670053
1778912999999,78824.8,78822.038000,9.216451
1778913059999,78839.2,78822.280000,9.637859
1778913119999,78849.2,78828.918000,13.644248
1778913179999,78873.1,78841.378000,18.892256
1778913239999,78881.7,78853.606000,21.121857
1778913299999,78873.9,78863.428000,16.296171
1778913359999,78880.7,78871.728000,11.773206
1778913419999,78874.3,78876.750000,3.663326
1778913479999,78899.1,78881.934000,9.142789
